dataset,n,model,family,mean_test_rss,sd_test_rss,mean_test_mae_deg,p_median,gamma_median
EE+0p2-data-225x225/EE_0.2data_rot_-22deg/arrow_segments.mat,136,Parametric p=0 (Logarithmic),parametric_fixed_p,0.6931179612562872,0.21822317783008155,41.005358347720794,0.0,-1.6088155739940802
EE+0p2-data-225x225/EE_0.2data_rot_-22deg/arrow_segments.mat,136,Parametric p=1 (Archimedean),parametric_fixed_p,0.6899365701105727,0.2252435153154214,40.863619102192025,1.0,-0.6700938964897838
EE+0p2-data-225x225/EE_0.2data_rot_-22deg/arrow_segments.mat,136,Parametric p=2 (Fermat),parametric_fixed_p,0.6936751124424378,0.23230991427309358,40.90426273401964,2.0,0.047178722213922886
EE+0p2-data-225x225/EE_0.2data_rot_-22deg/arrow_segments.mat,136,Parametric continuous p,parametric_continuous_p,0.7142733540548579,0.21129276716734322,41.63646427522164,-0.999,-1.574100430958675
EE+0p22-data-225x225/EE_0.22data_rot_35.5deg/arrow_segments.mat,125,Parametric p=0 (Logarithmic),parametric_fixed_p,0.6595343776394078,0.15809615005977828,39.24181773404821,0.0,-1.5773755824009172
EE+0p22-data-225x225/EE_0.22data_rot_35.5deg/arrow_segments.mat,125,Parametric p=1 (Archimedean),parametric_fixed_p,0.652291716381182,0.1636581019760616,38.98681878731145,1.0,0.8377995782060698
EE+0p22-data-225x225/EE_0.22data_rot_35.5deg/arrow_segments.mat,125,Parametric p=2 (Fermat),parametric_fixed_p,0.6629951407947395,0.16471643214639686,39.24567687169742,2.0,-2.836734166013775
EE+0p22-data-225x225/EE_0.22data_rot_35.5deg/arrow_segments.mat,125,Parametric continuous p,parametric_continuous_p,0.6602858808506139,0.16074874053005914,39.14283915556463,2.999,-1.5419377343148417
EE+0p23-data-225x225/EE_0.23data_rot_0deg/arrow_segments.mat,85,Parametric p=0 (Logarithmic),parametric_fixed_p,0.8318468615360459,0.22155375326880417,44.861943790898735,0.0,0.10520369465086943
EE+0p23-data-225x225/EE_0.23data_rot_0deg/arrow_segments.mat,85,Parametric p=1 (Archimedean),parametric_fixed_p,0.8263201547925503,0.24307407560521033,44.96562761999669,1.0,-0.12397864602904426
EE+0p23-data-225x225/EE_0.23data_rot_0deg/arrow_segments.mat,85,Parametric p=2 (Fermat),parametric_fixed_p,0.7643845364337861,0.25256452819261094,42.97063631466566,2.0,-0.0282017769181391
EE+0p23-data-225x225/EE_0.23data_rot_0deg/arrow_segments.mat,85,Parametric continuous p,parametric_continuous_p,0.9544797862303811,0.25819886326866953,48.24317239704817,-0.739746362544893,-0.022853159473847806
EE+0p4-data-225x225/EE_0.4data_rot_-67deg/arrow_segments.mat,142,Parametric p=0 (Logarithmic),parametric_fixed_p,0.6815096595103137,0.15609746375503097,40.31197963122614,0.0,-1.5847481621878239
EE+0p4-data-225x225/EE_0.4data_rot_-67deg/arrow_segments.mat,142,Parametric p=1 (Archimedean),parametric_fixed_p,0.6812040418405801,0.15612553918149077,40.461260997719435,1.0,-1.7104578979469296
EE+0p4-data-225x225/EE_0.4data_rot_-67deg/arrow_segments.mat,142,Parametric p=2 (Fermat),parametric_fixed_p,0.6799625991397216,0.15975450406631034,40.44281355276199,2.0,-1.0578046104038465
EE+0p4-data-225x225/EE_0.4data_rot_-67deg/arrow_segments.mat,142,Parametric continuous p,parametric_continuous_p,0.7021857555378694,0.1620096762879155,41.00653844514336,0.3871824488422698,1.4018068234356118
EE+0p42-data-225x225/EE_0.42data_rot_-7.5deg/arrow_segments.mat,128,Parametric p=0 (Logarithmic),parametric_fixed_p,0.6040731265769967,0.17414469045034106,37.91534633715907,0.0,-0.028696314898579156
EE+0p42-data-225x225/EE_0.42data_rot_-7.5deg/arrow_segments.mat,128,Parametric p=1 (Archimedean),parametric_fixed_p,0.604390370113108,0.17013620192525306,37.938041727333584,1.0,1.3806373310054187
EE+0p42-data-225x225/EE_0.42data_rot_-7.5deg/arrow_segments.mat,128,Parametric p=2 (Fermat),parametric_fixed_p,0.6047701112161248,0.16597300135958734,38.133469302415854,2.0,-1.117936632370724
EE+0p42-data-225x225/EE_0.42data_rot_-7.5deg/arrow_segments.mat,128,Parametric continuous p,parametric_continuous_p,0.6216709896537935,0.16291979861735434,38.6679840018518,-0.21930848833433725,-1.2206064931248282
EE+0p43-data-225x225/EE_0.43data_rot_14.5deg/arrow_segments.mat,129,Parametric p=0 (Logarithmic),parametric_fixed_p,0.6249505371558037,0.17643614362403298,37.43162965984496,0.0,1.5321431453270957
EE+0p43-data-225x225/EE_0.43data_rot_14.5deg/arrow_segments.mat,129,Parametric p=1 (Archimedean),parametric_fixed_p,0.6255070662097513,0.17146733772464673,37.53169335586879,1.0,-0.7891397429311414
EE+0p43-data-225x225/EE_0.43data_rot_14.5deg/arrow_segments.mat,129,Parametric p=2 (Fermat),parametric_fixed_p,0.6141254035106145,0.17405406356890707,37.07013019482861,2.0,-0.14310623251651555
EE+0p43-data-225x225/EE_0.43data_rot_14.5deg/arrow_segments.mat,129,Parametric continuous p,parametric_continuous_p,0.629182686008451,0.17548514677874036,37.52838823157201,2.999,3.10579265777426
EE+0p6-data-225x225/EE_0.6data_rot_39.5deg/arrow_segments.mat,69,Parametric p=0 (Logarithmic),parametric_fixed_p,0.6422385920402384,0.2374021203437384,36.78025666709248,0.0,-1.2932288025793612
EE+0p6-data-225x225/EE_0.6data_rot_39.5deg/arrow_segments.mat,69,Parametric p=1 (Archimedean),parametric_fixed_p,0.6021017898536308,0.2434598502496196,35.866795332657446,1.0,1.0656874982847093
EE+0p6-data-225x225/EE_0.6data_rot_39.5deg/arrow_segments.mat,69,Parametric p=2 (Fermat),parametric_fixed_p,0.600248741835524,0.22916500663576964,36.54194685889189,2.0,3.0270533179505743
EE+0p6-data-225x225/EE_0.6data_rot_39.5deg/arrow_segments.mat,69,Parametric continuous p,parametric_continuous_p,0.6382451070292732,0.20808225442615105,36.9504530334202,-0.999,1.583523354148571
EE+0p62-data-225x225/EE_0.62data_rot_37.5deg/arrow_segments.mat,68,Parametric p=0 (Logarithmic),parametric_fixed_p,0.5767845347359603,0.3347800945997245,34.431276845293574,0.0,-1.1603475525756135
EE+0p62-data-225x225/EE_0.62data_rot_37.5deg/arrow_segments.mat,68,Parametric p=1 (Archimedean),parametric_fixed_p,0.5956573580524601,0.3281351882164167,35.990113416687805,1.0,-0.27054973049733705
EE+0p62-data-225x225/EE_0.62data_rot_37.5deg/arrow_segments.mat,68,Parametric p=2 (Fermat),parametric_fixed_p,0.6169074696378976,0.30567632607427064,37.88756294212059,2.0,3.07414589498302
EE+0p62-data-225x225/EE_0.62data_rot_37.5deg/arrow_segments.mat,68,Parametric continuous p,parametric_continuous_p,0.6210402274827767,0.3243217053088562,36.004637042354915,-0.999,1.5856114052245456
EE+0p63-data-225x225/EE_0.63data_rot_-30.5deg/arrow_segments.mat,87,Parametric p=0 (Logarithmic),parametric_fixed_p,0.5842683262199225,0.18887180480870738,36.03352321959801,0.0,0.2086753582721267
EE+0p63-data-225x225/EE_0.63data_rot_-30.5deg/arrow_segments.mat,87,Parametric p=1 (Archimedean),parametric_fixed_p,0.5519056686355237,0.1635815496370729,35.3780415284909,1.0,-0.1785739958174389
EE+0p63-data-225x225/EE_0.63data_rot_-30.5deg/arrow_segments.mat,87,Parametric p=2 (Fermat),parametric_fixed_p,0.5618396290282466,0.1739477616298586,35.457590612877596,2.0,3.121114712271244
EE+0p63-data-225x225/EE_0.63data_rot_-30.5deg/arrow_segments.mat,87,Parametric continuous p,parametric_continuous_p,0.558401313266917,0.16639915540420225,35.61355047295548,1.158402832900855,2.9034585909540023
EE+0p8-data-226x225/EE_0.8data_rot_0deg/arrow_segments.mat,163,Parametric p=0 (Logarithmic),parametric_fixed_p,0.6929626706185645,0.12571776673519663,40.09230616050137,0.0,-1.1257226853496658
EE+0p8-data-226x225/EE_0.8data_rot_0deg/arrow_segments.mat,163,Parametric p=1 (Archimedean),parametric_fixed_p,0.7346529215963267,0.13084960714758395,41.21482396912353,1.0,-0.03999909562859209
EE+0p8-data-226x225/EE_0.8data_rot_0deg/arrow_segments.mat,163,Parametric p=2 (Fermat),parametric_fixed_p,0.8236315695139345,0.1493885142046764,44.510700216454765,2.0,-0.002170370681759422
EE+0p8-data-226x225/EE_0.8data_rot_0deg/arrow_segments.mat,163,Parametric continuous p,parametric_continuous_p,0.6672936876974999,0.11243375291033063,39.158526307928085,-0.999,1.580180551572507
EE+0p82-data-226x225/EE_0.82data_rot_-24.5deg/arrow_segments.mat,123,Parametric p=0 (Logarithmic),parametric_fixed_p,0.687532840508105,0.21620800422404013,40.28382325701082,0.0,-1.667485871280487
EE+0p82-data-226x225/EE_0.82data_rot_-24.5deg/arrow_segments.mat,123,Parametric p=1 (Archimedean),parametric_fixed_p,0.6716583867614296,0.17797908490766984,39.068773925123,1.0,-1.398506251475295
EE+0p82-data-226x225/EE_0.82data_rot_-24.5deg/arrow_segments.mat,123,Parametric p=2 (Fermat),parametric_fixed_p,0.6082829162581243,0.13563697948319886,36.944696158491425,2.0,-3.1360031156779886
EE+0p82-data-226x225/EE_0.82data_rot_-24.5deg/arrow_segments.mat,123,Parametric continuous p,parametric_continuous_p,0.6060653754090438,0.1366879636326924,37.175775121523124,2.999,-3.141232907110937
EE+0p83-data-226x225/EE_0.83data_rot_43deg/arrow_segments.mat,158,Parametric p=0 (Logarithmic),parametric_fixed_p,0.7444109871782036,0.14070699302410303,41.899120398027,0.0,-0.3341045111825791
EE+0p83-data-226x225/EE_0.83data_rot_43deg/arrow_segments.mat,158,Parametric p=1 (Archimedean),parametric_fixed_p,0.7652914905491317,0.10155794077637013,42.7060777165304,1.0,0.04649808483522171
EE+0p83-data-226x225/EE_0.83data_rot_43deg/arrow_segments.mat,158,Parametric p=2 (Fermat),parametric_fixed_p,0.7599363563505112,0.156919369331943,43.528566296661474,2.0,-0.01590500214739154
EE+0p83-data-226x225/EE_0.83data_rot_43deg/arrow_segments.mat,158,Parametric continuous p,parametric_continuous_p,0.7451548757932376,0.12317309058250057,42.206314281352675,2.95000000000287,2.7441601548113503e-05
EE+1-data-225x225/EE_1data_rot_0deg/arrow_segments.mat,194,Parametric p=0 (Logarithmic),parametric_fixed_p,0.7091879175189506,0.15980893850497424,41.468415909439635,0.0,1.2845016149976916
EE+1-data-225x225/EE_1data_rot_0deg/arrow_segments.mat,194,Parametric p=1 (Archimedean),parametric_fixed_p,0.6866626441795343,0.16167996592956613,40.59826016866863,1.0,-2.9450576776514676
EE+1-data-225x225/EE_1data_rot_0deg/arrow_segments.mat,194,Parametric p=2 (Fermat),parametric_fixed_p,0.685662771030968,0.15673434648310242,40.334541843218304,2.0,-3.1171131975850286
EE+1-data-225x225/EE_1data_rot_0deg/arrow_segments.mat,194,Parametric continuous p,parametric_continuous_p,0.7055424194872846,0.16095180923163657,41.3889281581163,0.8762711733524932,-2.8443223091190943
EE+12-data-225x225/EE_12data_rot_-41.5deg/arrow_segments.mat,101,Parametric p=0 (Logarithmic),parametric_fixed_p,0.6828815550538856,0.1742109428440399,40.13686447569174,0.0,1.459576678169046
EE+12-data-225x225/EE_12data_rot_-41.5deg/arrow_segments.mat,101,Parametric p=1 (Archimedean),parametric_fixed_p,0.6961794285433636,0.18159236764023923,40.792556750475676,1.0,-0.6411255133900129
EE+12-data-225x225/EE_12data_rot_-41.5deg/arrow_segments.mat,101,Parametric p=2 (Fermat),parametric_fixed_p,0.650933665478265,0.16929961263369306,39.05005206166891,2.0,1.458409747808595
EE+12-data-225x225/EE_12data_rot_-41.5deg/arrow_segments.mat,101,Parametric continuous p,parametric_continuous_p,0.6462518066106668,0.15989836070904623,39.0094467138024,2.999,3.1250820563368205
EE+13-data-225x225/EE_13data_rot_34.5deg/arrow_segments.mat,80,Parametric p=0 (Logarithmic),parametric_fixed_p,0.6314848453066604,0.22053979160737391,37.74352840119278,0.0,1.8116772507861758
EE+13-data-225x225/EE_13data_rot_34.5deg/arrow_segments.mat,80,Parametric p=1 (Archimedean),parametric_fixed_p,0.6247001028278836,0.2177866681638584,37.57018095359658,1.0,-0.1598724457987587
EE+13-data-225x225/EE_13data_rot_34.5deg/arrow_segments.mat,80,Parametric p=2 (Fermat),parametric_fixed_p,0.6355227145849753,0.20855119802130737,37.70980951318697,2.0,-0.014356153984825072
EE+13-data-225x225/EE_13data_rot_34.5deg/arrow_segments.mat,80,Parametric continuous p,parametric_continuous_p,0.6689840616300542,0.2308427993651497,38.68198875650624,0.11922424829414219,-1.192005766833164
EE-0p2-data-225x225/EE-0.2data_rot_62.5deg/arrow_segments.mat,196,Parametric p=0 (Logarithmic),parametric_fixed_p,0.8270511663924115,0.15684551300964344,45.162457904072056,0.0,0.9010596355775974
EE-0p2-data-225x225/EE-0.2data_rot_62.5deg/arrow_segments.mat,196,Parametric p=1 (Archimedean),parametric_fixed_p,0.7353444216883798,0.1532450217198459,42.42885677201268,1.0,-3.0471546028261276
EE-0p2-data-225x225/EE-0.2data_rot_62.5deg/arrow_segments.mat,196,Parametric p=2 (Fermat),parametric_fixed_p,0.7430392131840092,0.14889440822682282,42.72220835796873,2.0,-1.5684652069881264
EE-0p2-data-225x225/EE-0.2data_rot_62.5deg/arrow_segments.mat,196,Parametric continuous p,parametric_continuous_p,0.7628424569680211,0.1503861354003006,43.34140903546779,2.0800992991465765,-3.129463072869598
EE-0p22-data-225x225/EE-0.22data_rot_0deg/arrow_segments.mat,167,Parametric p=0 (Logarithmic),parametric_fixed_p,0.7396119927796809,0.17520817610851155,42.436837210183896,0.0,-1.5693196088300831
EE-0p22-data-225x225/EE-0.22data_rot_0deg/arrow_segments.mat,167,Parametric p=1 (Archimedean),parametric_fixed_p,0.7333395516145613,0.17693109529027418,42.1198206748449,1.0,-0.9956123210689936
EE-0p22-data-225x225/EE-0.22data_rot_0deg/arrow_segments.mat,167,Parametric p=2 (Fermat),parametric_fixed_p,0.7262455766093471,0.15395756221776538,41.90514015400367,2.0,2.6744656179088233
EE-0p22-data-225x225/EE-0.22data_rot_0deg/arrow_segments.mat,167,Parametric continuous p,parametric_continuous_p,0.7482624312465804,0.16997850476937953,42.994460024435526,-0.6911024804100205,-0.19607363656080198
EE-0p23-data-225x225/EE-0.23data_rot_90deg/arrow_segments.mat,117,Parametric p=0 (Logarithmic),parametric_fixed_p,0.7805560027717673,0.27014382841262263,43.707122357399264,0.0,1.674430192438358
EE-0p23-data-225x225/EE-0.23data_rot_90deg/arrow_segments.mat,117,Parametric p=1 (Archimedean),parametric_fixed_p,0.7505984634190342,0.2046779286921577,42.702844192130094,1.0,2.6416037100132614
EE-0p23-data-225x225/EE-0.23data_rot_90deg/arrow_segments.mat,117,Parametric p=2 (Fermat),parametric_fixed_p,0.7544101229461141,0.17366003865462262,42.905491634817714,2.0,3.032000122045943
EE-0p23-data-225x225/EE-0.23data_rot_90deg/arrow_segments.mat,117,Parametric continuous p,parametric_continuous_p,0.8626725845460973,0.265713647405452,46.41978958156588,-0.999,1.5662083806462765
EE-0p4-data-225x225/EE-0.4data_rot_31deg/arrow_segments.mat,92,Parametric p=0 (Logarithmic),parametric_fixed_p,0.566428281375942,0.23631144119712527,35.48621239985322,0.0,-0.03879511665332702
EE-0p4-data-225x225/EE-0.4data_rot_31deg/arrow_segments.mat,92,Parametric p=1 (Archimedean),parametric_fixed_p,0.5685887371930771,0.24326661007930184,35.490381816058346,1.0,-1.2578842278186881
EE-0p4-data-225x225/EE-0.4data_rot_31deg/arrow_segments.mat,92,Parametric p=2 (Fermat),parametric_fixed_p,0.5651775366441746,0.23568263954317512,35.54723570180424,2.0,-0.4516862670908428
EE-0p4-data-225x225/EE-0.4data_rot_31deg/arrow_segments.mat,92,Parametric continuous p,parametric_continuous_p,0.580122360679152,0.23911173442097416,36.047306685548016,-0.999,1.5623619382656413
EE-0p42-data-225x225/EE-0.42data_rot_-12deg/arrow_segments.mat,90,Parametric p=0 (Logarithmic),parametric_fixed_p,0.7591351261919226,0.2794625964889062,42.88669182612189,0.0,-1.8830446484222216
EE-0p42-data-225x225/EE-0.42data_rot_-12deg/arrow_segments.mat,90,Parametric p=1 (Archimedean),parametric_fixed_p,0.6742197919411603,0.19086226758834776,39.615367661254886,1.0,-2.990072750108279
EE-0p42-data-225x225/EE-0.42data_rot_-12deg/arrow_segments.mat,90,Parametric p=2 (Fermat),parametric_fixed_p,0.6786942436622457,0.16534115769048158,39.287885850643974,2.0,0.011696806447550303
EE-0p42-data-225x225/EE-0.42data_rot_-12deg/arrow_segments.mat,90,Parametric continuous p,parametric_continuous_p,0.7029867240936792,0.19646384249834636,40.485370025218614,1.1318380592835522,0.04160938203457439
EE-0p43-data-225x225/EE-0.43data_rot_56.5deg/arrow_segments.mat,89,Parametric p=0 (Logarithmic),parametric_fixed_p,0.7879095990474311,0.21544676467874374,44.47130751643917,0.0,-1.3687399557849083
EE-0p43-data-225x225/EE-0.43data_rot_56.5deg/arrow_segments.mat,89,Parametric p=1 (Archimedean),parametric_fixed_p,0.7714300362398178,0.247775399549362,43.529870054540275,1.0,-2.8251715853401524
EE-0p43-data-225x225/EE-0.43data_rot_56.5deg/arrow_segments.mat,89,Parametric p=2 (Fermat),parametric_fixed_p,0.7271602810232402,0.21101165252656306,42.244922849783435,2.0,0.019473961774243587
EE-0p43-data-225x225/EE-0.43data_rot_56.5deg/arrow_segments.mat,89,Parametric continuous p,parametric_continuous_p,0.7516770069709983,0.20143628581974474,43.28476161068758,2.999,0.002604434251305421
EE-0p6-data-225x225/EE-0.6data_rot_-67deg/arrow_segments.mat,65,Parametric p=0 (Logarithmic),parametric_fixed_p,0.7413793590927228,0.2891773988926234,41.11790571343975,0.0,-2.276521931196913
EE-0p6-data-225x225/EE-0.6data_rot_-67deg/arrow_segments.mat,65,Parametric p=1 (Archimedean),parametric_fixed_p,0.8123821445003896,0.3360053149985624,43.46677127879459,1.0,0.03139552930773738
EE-0p6-data-225x225/EE-0.6data_rot_-67deg/arrow_segments.mat,65,Parametric p=2 (Fermat),parametric_fixed_p,1.0494376293419152,0.29018982037931246,52.74896356645356,2.0,-0.003831253169295031
EE-0p6-data-225x225/EE-0.6data_rot_-67deg/arrow_segments.mat,65,Parametric continuous p,parametric_continuous_p,0.8816510687667757,0.2727651261871103,44.81009941027572,0.33229390878572995,-2.5754205801633585
EE-0p62-data-225x225/EE-0.62data_rot_27deg/arrow_segments.mat,172,Parametric p=0 (Logarithmic),parametric_fixed_p,0.6815035231565696,0.19530887352000673,39.36153663199038,0.0,-1.5183843683723839
EE-0p62-data-225x225/EE-0.62data_rot_27deg/arrow_segments.mat,172,Parametric p=1 (Archimedean),parametric_fixed_p,0.6553717709135519,0.14904724519305504,38.60860298377944,1.0,-0.5285625921324617
EE-0p62-data-225x225/EE-0.62data_rot_27deg/arrow_segments.mat,172,Parametric p=2 (Fermat),parametric_fixed_p,0.6605925133449764,0.15128758658413033,38.95456648012804,2.0,-0.08308639551755756
EE-0p62-data-225x225/EE-0.62data_rot_27deg/arrow_segments.mat,172,Parametric continuous p,parametric_continuous_p,0.6969888268377296,0.19124771352789213,39.92976370416475,0.8589453486454097,-0.4908635516254666
EE-0p63-data-225x225/EE-0.63data_rot_6deg/arrow_segments.mat,41,Parametric p=0 (Logarithmic),parametric_fixed_p,0.8130691130783143,0.26688642211044705,43.33653658319286,0.0,1.5345883100221127
EE-0p63-data-225x225/EE-0.63data_rot_6deg/arrow_segments.mat,41,Parametric p=1 (Archimedean),parametric_fixed_p,0.6853162601421598,0.3492596904406751,40.45666997258942,1.0,2.2929952534689155
EE-0p63-data-225x225/EE-0.63data_rot_6deg/arrow_segments.mat,41,Parametric p=2 (Fermat),parametric_fixed_p,0.6580604721335471,0.28749025512856474,39.83550198162591,2.0,1.4522674238733413
EE-0p63-data-225x225/EE-0.63data_rot_6deg/arrow_segments.mat,41,Parametric continuous p,parametric_continuous_p,0.799410504002872,0.27339917669835,42.70003456562167,-0.999,1.6147115587384493
EE-0p8-data-226x225/EE-0.8data_rot_34deg/arrow_segments.mat,68,Parametric p=0 (Logarithmic),parametric_fixed_p,0.5371784006479624,0.2640834314570447,33.98418179724058,0.0,1.698843290136875
EE-0p8-data-226x225/EE-0.8data_rot_34deg/arrow_segments.mat,68,Parametric p=1 (Archimedean),parametric_fixed_p,0.5447191965656087,0.2530752196395226,34.67429486492062,1.0,-0.44278598424680404
EE-0p8-data-226x225/EE-0.8data_rot_34deg/arrow_segments.mat,68,Parametric p=2 (Fermat),parametric_fixed_p,0.538353058296989,0.26695270015344613,34.71492796771024,2.0,2.926757218840879
EE-0p8-data-226x225/EE-0.8data_rot_34deg/arrow_segments.mat,68,Parametric continuous p,parametric_continuous_p,0.5449201612708184,0.27586051104078846,34.893850599923475,2.999,-0.033449457598273766
EE-0p82-data-225x225/EE-0.82data_rot_37deg/arrow_segments.mat,99,Parametric p=0 (Logarithmic),parametric_fixed_p,0.4726413809003113,0.1905706696429449,32.0804741651105,0.0,-1.6072275347449057
EE-0p82-data-225x225/EE-0.82data_rot_37deg/arrow_segments.mat,99,Parametric p=1 (Archimedean),parametric_fixed_p,0.47147281570552596,0.17770469161376845,32.2673201782083,1.0,-0.5578512233677256
EE-0p82-data-225x225/EE-0.82data_rot_37deg/arrow_segments.mat,99,Parametric p=2 (Fermat),parametric_fixed_p,0.48362435804096116,0.1686979522867086,32.776804223345096,2.0,0.8823366344408617
EE-0p82-data-225x225/EE-0.82data_rot_37deg/arrow_segments.mat,99,Parametric continuous p,parametric_continuous_p,0.4741573290654924,0.19000738130923553,32.16297298340403,0.43734519486132417,1.2610417998426797
EE-0p83-data-226x225/EE-0.83data_rot_-41.5deg/arrow_segments.mat,115,Parametric p=0 (Logarithmic),parametric_fixed_p,0.6927451202114636,0.12907279507193775,39.833731577953486,0.0,1.3060670457807442
EE-0p83-data-226x225/EE-0.83data_rot_-41.5deg/arrow_segments.mat,115,Parametric p=1 (Archimedean),parametric_fixed_p,0.7252109727240723,0.1400351691585282,41.59992658530108,1.0,-1.3632850067180438
EE-0p83-data-226x225/EE-0.83data_rot_-41.5deg/arrow_segments.mat,115,Parametric p=2 (Fermat),parametric_fixed_p,0.7052074958247521,0.15295300273279291,40.71374077860483,2.0,-0.1662069586496266
EE-0p83-data-226x225/EE-0.83data_rot_-41.5deg/arrow_segments.mat,115,Parametric continuous p,parametric_continuous_p,0.7200902904960585,0.1410672734575664,40.40017837883269,-0.999,-0.007715338307587356
EE-1-data-368x368/EE-1data_rot_58deg/arrow_segments.mat,151,Parametric p=0 (Logarithmic),parametric_fixed_p,0.6158116748624791,0.15307321955200762,38.2820838074031,0.0,-1.4741473906795641
EE-1-data-368x368/EE-1data_rot_58deg/arrow_segments.mat,151,Parametric p=1 (Archimedean),parametric_fixed_p,0.612287050642804,0.1486824072986863,38.0637004662715,1.0,2.631447999821189
EE-1-data-368x368/EE-1data_rot_58deg/arrow_segments.mat,151,Parametric p=2 (Fermat),parametric_fixed_p,0.6160918449667804,0.14725448763659987,38.163933474922565,2.0,3.029368974313668
EE-1-data-368x368/EE-1data_rot_58deg/arrow_segments.mat,151,Parametric continuous p,parametric_continuous_p,0.6143290998769994,0.14956945212663147,38.108759339326845,0.905998858058285,0.9249974842481596
EE-1-data-368x368/EE-1data_rot_60.5deg/arrow_segments.mat,154,Parametric p=0 (Logarithmic),parametric_fixed_p,0.6425418025569061,0.1516169797646875,38.55552940678531,0.0,0.035277140274292185
EE-1-data-368x368/EE-1data_rot_60.5deg/arrow_segments.mat,154,Parametric p=1 (Archimedean),parametric_fixed_p,0.6098839887500672,0.15537419098407332,37.552596992305915,1.0,-0.6659423406631999
EE-1-data-368x368/EE-1data_rot_60.5deg/arrow_segments.mat,154,Parametric p=2 (Fermat),parametric_fixed_p,0.5998240741704697,0.15096761825123606,37.14688343253412,2.0,-0.6823522359364984
EE-1-data-368x368/EE-1data_rot_60.5deg/arrow_segments.mat,154,Parametric continuous p,parametric_continuous_p,0.6366651967916119,0.15568713594847894,38.518420998849905,-0.0308219246120453,0.5717087917691743
EE-12-data-368x368/EE-12data_rot_78.5deg/arrow_segments.mat,117,Parametric p=0 (Logarithmic),parametric_fixed_p,0.6058140659839195,0.09423874123208907,37.34345138253553,0.0,1.392952481282733
EE-12-data-368x368/EE-12data_rot_78.5deg/arrow_segments.mat,117,Parametric p=1 (Archimedean),parametric_fixed_p,0.6175313437086087,0.09851261769894715,38.148182038209654,1.0,0.3987217745497512
EE-12-data-368x368/EE-12data_rot_78.5deg/arrow_segments.mat,117,Parametric p=2 (Fermat),parametric_fixed_p,0.6327615686363699,0.12262756511688745,38.28740823041217,2.0,0.03271590180969931
EE-12-data-368x368/EE-12data_rot_78.5deg/arrow_segments.mat,117,Parametric continuous p,parametric_continuous_p,0.6130414939458368,0.09421644870674876,37.62138984451836,0.2588350481711229,1.1149991953893568
EE-12-data-368x368/EE-12data_rot_80deg/arrow_segments.mat,120,Parametric p=0 (Logarithmic),parametric_fixed_p,0.6416709100447762,0.2943276252719653,38.85163712938816,0.0,1.4992508989689153
EE-12-data-368x368/EE-12data_rot_80deg/arrow_segments.mat,120,Parametric p=1 (Archimedean),parametric_fixed_p,0.62790804210916,0.27688869029321916,38.69867209841542,1.0,-1.1197501984969414
EE-12-data-368x368/EE-12data_rot_80deg/arrow_segments.mat,120,Parametric p=2 (Fermat),parametric_fixed_p,0.632138354971396,0.2644959817030034,39.071221503028404,2.0,-1.5231082864179748
EE-12-data-368x368/EE-12data_rot_80deg/arrow_segments.mat,120,Parametric continuous p,parametric_continuous_p,0.6322259737574066,0.2662582827435269,38.97883748072984,2.947350470539674,-3.1286239305537946
EE-13-data-225x225/EE-13data_rot_59deg/arrow_segments.mat,143,Parametric p=0 (Logarithmic),parametric_fixed_p,0.7101998265403477,0.1695482909801524,41.23564534680619,0.0,-1.4702557898431687
EE-13-data-225x225/EE-13data_rot_59deg/arrow_segments.mat,143,Parametric p=1 (Archimedean),parametric_fixed_p,0.6665550610464834,0.14372673011305423,40.12506917362676,1.0,2.9045057378388877
EE-13-data-225x225/EE-13data_rot_59deg/arrow_segments.mat,143,Parametric p=2 (Fermat),parametric_fixed_p,0.6533117193596916,0.15531546112575434,39.893371794979934,2.0,-0.013666390787409895
EE-13-data-225x225/EE-13data_rot_59deg/arrow_segments.mat,143,Parametric continuous p,parametric_continuous_p,0.6666508921899059,0.16637467399433695,40.29066827485667,2.334535997814579,1.5632497723765095
EE-13-data-225x225/EE-13data_rot_64.5deg/arrow_segments.mat,145,Parametric p=0 (Logarithmic),parametric_fixed_p,0.6630614600704025,0.13727842676585697,39.801130191243814,0.0,0.1657055119544688
EE-13-data-225x225/EE-13data_rot_64.5deg/arrow_segments.mat,145,Parametric p=1 (Archimedean),parametric_fixed_p,0.6622444434743462,0.12083433371351318,39.58998956812412,1.0,-0.287531963564558
EE-13-data-225x225/EE-13data_rot_64.5deg/arrow_segments.mat,145,Parametric p=2 (Fermat),parametric_fixed_p,0.6949414462823599,0.12158699946930265,40.569627537823365,2.0,2.9566131655807784
EE-13-data-225x225/EE-13data_rot_64.5deg/arrow_segments.mat,145,Parametric continuous p,parametric_continuous_p,0.6826158439239841,0.13127757895832828,40.31626324214709,0.6266659924989997,-0.5944826758071389
EE0-data-225x225/EE0data_rot_34.5deg/arrow_segments.mat,153,Parametric p=0 (Logarithmic),parametric_fixed_p,0.7299204509133936,0.07333834722706539,42.560584803847135,0.0,-1.764048175912862
EE0-data-225x225/EE0data_rot_34.5deg/arrow_segments.mat,153,Parametric p=1 (Archimedean),parametric_fixed_p,0.7865236337658001,0.08501721371872767,44.18863760862651,1.0,-3.0107058538806246
EE0-data-225x225/EE0data_rot_34.5deg/arrow_segments.mat,153,Parametric p=2 (Fermat),parametric_fixed_p,0.7549558632945569,0.11903143087278883,42.72032813124271,2.0,-0.800958591243948
EE0-data-225x225/EE0data_rot_34.5deg/arrow_segments.mat,153,Parametric continuous p,parametric_continuous_p,0.7689416903787564,0.08697373610444965,44.052283446472295,0.15362056788938686,-1.6744509854999003
EE0-data-225x225/EE0data_rot_37.5deg/arrow_segments.mat,154,Parametric p=0 (Logarithmic),parametric_fixed_p,0.7375283252388253,0.11931332995082432,43.114317213486736,0.0,-0.32035785774004233
EE0-data-225x225/EE0data_rot_37.5deg/arrow_segments.mat,154,Parametric p=1 (Archimedean),parametric_fixed_p,0.7150108139468181,0.11599157155925328,42.15797079489687,1.0,-1.4543043299853136
EE0-data-225x225/EE0data_rot_37.5deg/arrow_segments.mat,154,Parametric p=2 (Fermat),parametric_fixed_p,0.7324727479849322,0.14280353739018212,42.47239750602785,2.0,0.003609339485510051
EE0-data-225x225/EE0data_rot_37.5deg/arrow_segments.mat,154,Parametric continuous p,parametric_continuous_p,0.7349072785302896,0.12952823370827207,42.75376983881697,0.8532282002676962,-1.2968281423912829
EE02-data-225x225/EE02data_rot_57.5deg/arrow_segments.mat,141,Parametric p=0 (Logarithmic),parametric_fixed_p,0.8445277409539644,0.25253497379085654,45.59698816686429,0.0,1.0549407329416842
EE02-data-225x225/EE02data_rot_57.5deg/arrow_segments.mat,141,Parametric p=1 (Archimedean),parametric_fixed_p,0.7939287551866572,0.2777702903852817,43.695947789722965,1.0,0.19675024346609016
EE02-data-225x225/EE02data_rot_57.5deg/arrow_segments.mat,141,Parametric p=2 (Fermat),parametric_fixed_p,0.7894279314911364,0.25327692872968594,43.65346002513833,2.0,-1.5515574551827565
EE02-data-225x225/EE02data_rot_57.5deg/arrow_segments.mat,141,Parametric continuous p,parametric_continuous_p,0.8954025865098515,0.2707160294214546,47.17413297733568,-0.999,-0.00038112630304376616
EE02-data-225x225/EE02data_rot_59.5deg/arrow_segments.mat,136,Parametric p=0 (Logarithmic),parametric_fixed_p,0.9025790111927232,0.1747222426324437,47.93476164922758,0.0,-1.1376580334368929
EE02-data-225x225/EE02data_rot_59.5deg/arrow_segments.mat,136,Parametric p=1 (Archimedean),parametric_fixed_p,0.8810422017684605,0.2760605403117075,47.36466880977974,1.0,-0.09437215968517855
EE02-data-225x225/EE02data_rot_59.5deg/arrow_segments.mat,136,Parametric p=2 (Fermat),parametric_fixed_p,0.9078919263995487,0.2880173057144077,47.894282934824986,2.0,3.1294555013439425
EE02-data-225x225/EE02data_rot_59.5deg/arrow_segments.mat,136,Parametric continuous p,parametric_continuous_p,0.8725465355204889,0.2077219041121781,46.24366706031775,-0.999,1.5986719017267446
EE03-data-225x225/EE03data_rot_-20.5deg/arrow_segments.mat,105,Parametric p=0 (Logarithmic),parametric_fixed_p,0.6903128329663366,0.13463198845708377,40.48894011806989,0.0,-1.8042465031097357
EE03-data-225x225/EE03data_rot_-20.5deg/arrow_segments.mat,105,Parametric p=1 (Archimedean),parametric_fixed_p,0.7080851539912483,0.1304092105978049,40.78670784617701,1.0,0.320366324017188
EE03-data-225x225/EE03data_rot_-20.5deg/arrow_segments.mat,105,Parametric p=2 (Fermat),parametric_fixed_p,0.6937652129785004,0.11869823405894159,40.32132647981554,2.0,0.7147332573790481
EE03-data-225x225/EE03data_rot_-20.5deg/arrow_segments.mat,105,Parametric continuous p,parametric_continuous_p,0.6541852895737525,0.18574053135539975,39.340766999418115,-0.999,1.5540336414711424
EE03-data-225x225/EE03data_rot_-23.5deg/arrow_segments.mat,103,Parametric p=0 (Logarithmic),parametric_fixed_p,0.6352246587198606,0.15156805739590887,38.21653900265435,0.0,1.499267547388113
EE03-data-225x225/EE03data_rot_-23.5deg/arrow_segments.mat,103,Parametric p=1 (Archimedean),parametric_fixed_p,0.6352170611773278,0.1545599817875799,38.19364422615358,1.0,-2.001597736318358
EE03-data-225x225/EE03data_rot_-23.5deg/arrow_segments.mat,103,Parametric p=2 (Fermat),parametric_fixed_p,0.6669973012697461,0.14495719335666468,39.04515181166687,2.0,0.25883699906730734
EE03-data-225x225/EE03data_rot_-23.5deg/arrow_segments.mat,103,Parametric continuous p,parametric_continuous_p,0.678875286903734,0.14964398562473696,39.676480924095664,2.9313797423057775,0.08051722533076537
