dataset,n,model,kernel,bandwidth,kappa,sigma_n,mean_test_rss,mean_test_mae_deg,family,p_median,sd_test_rss,gamma_median
EE+0p2-data-225x225/EE_0.2data_rot_-22deg/arrow_segments.mat,136,Uniform RKHS,uniform,8.425169064649094,,0.1826910838133834,0.0688310584570496,9.124258190128144,kernel_gp_line_embedding_cv,,,
EE+0p22-data-225x225/EE_0.22data_rot_35.5deg/arrow_segments.mat,125,Multiplicative RBF-VM RKHS,multiplicative_rbf_vm,18.984779409205064,1.0,0.5901983578550194,0.08390957911588695,9.658718498322713,kernel_gp_line_embedding_cv,,,
EE+0p23-data-225x225/EE_0.23data_rot_0deg/arrow_segments.mat,85,Multiplicative RBF-VM RKHS,multiplicative_rbf_vm,30.098036269113837,0.5,0.033923305593822665,0.16027376396747017,14.296946686100284,kernel_gp_line_embedding_cv,,,
EE+0p4-data-225x225/EE_0.4data_rot_-67deg/arrow_segments.mat,142,Multiplicative RBF-VM RKHS,multiplicative_rbf_vm,136.5,4.0,0.6157750344029945,0.08760293189657328,10.834229468340274,kernel_gp_line_embedding_cv,,,
EE+0p42-data-225x225/EE_0.42data_rot_-7.5deg/arrow_segments.mat,128,Multiplicative RBF-VM RKHS,multiplicative_rbf_vm,126.0,4.0,0.27321533106046564,0.0908134368045854,9.364851560661029,kernel_gp_line_embedding_cv,,,
EE+0p43-data-225x225/EE_0.43data_rot_14.5deg/arrow_segments.mat,129,Multiplicative RBF-VM RKHS,multiplicative_rbf_vm,126.0,8.0,0.6163500293863753,0.14455289480789046,13.093310785587416,kernel_gp_line_embedding_cv,,,
EE+0p6-data-225x225/EE_0.6data_rot_39.5deg/arrow_segments.mat,69,Multiplicative RBF-VM RKHS,multiplicative_rbf_vm,94.5,1.0,0.6093373631197743,0.16625926943723762,15.460984877992852,kernel_gp_line_embedding_cv,,,
EE+0p62-data-225x225/EE_0.62data_rot_37.5deg/arrow_segments.mat,68,Multiplicative RBF-VM RKHS,multiplicative_rbf_vm,56.914378615859725,1.0,0.11663164013783378,0.10791626256820046,12.799466318809976,kernel_gp_line_embedding_cv,,,
EE+0p63-data-225x225/EE_0.63data_rot_-30.5deg/arrow_segments.mat,87,Multiplicative RBF-VM RKHS,multiplicative_rbf_vm,80.82851262784433,2.0,0.033178332562355826,0.10585276796120857,12.633494660036103,kernel_gp_line_embedding_cv,,,
EE+0p8-data-226x225/EE_0.8data_rot_0deg/arrow_segments.mat,163,Uniform RKHS,uniform,11.291426654079174,,0.411004450253859,0.10063284645235035,10.742146519923274,kernel_gp_line_embedding_cv,,,
EE+0p82-data-226x225/EE_0.82data_rot_-24.5deg/arrow_segments.mat,123,Multiplicative RBF-VM RKHS,multiplicative_rbf_vm,33.35682646557795,2.0,0.26990283030122536,0.1621787036613138,14.358112146438675,kernel_gp_line_embedding_cv,,,
EE+0p83-data-226x225/EE_0.83data_rot_43deg/arrow_segments.mat,158,Multiplicative RBF-VM RKHS,multiplicative_rbf_vm,6.349222438575564,1.0,0.1684746140936807,0.06278076860716456,8.90276275360714,kernel_gp_line_embedding_cv,,,
EE+1-data-225x225/EE_1data_rot_0deg/arrow_segments.mat,194,Multiplicative RBF-VM RKHS,multiplicative_rbf_vm,168.0,8.0,0.6309989935877309,0.07406750618927366,9.386455445740692,kernel_gp_line_embedding_cv,,,
EE+12-data-225x225/EE_12data_rot_-41.5deg/arrow_segments.mat,101,Multiplicative RBF-VM RKHS,multiplicative_rbf_vm,23.000082647333304,8.0,0.03461227948855818,0.14215770652076437,13.287519131583133,kernel_gp_line_embedding_cv,,,
EE+13-data-225x225/EE_13data_rot_34.5deg/arrow_segments.mat,80,Multiplicative RBF-VM RKHS,multiplicative_rbf_vm,115.5,4.0,0.5684173719787272,0.15020797998881258,15.069130970281417,kernel_gp_line_embedding_cv,,,
EE-0p2-data-225x225/EE-0.2data_rot_62.5deg/arrow_segments.mat,196,Multiplicative RBF-VM RKHS,multiplicative_rbf_vm,3.5,16.0,0.0352566885521508,0.08030929915212359,7.980445901216795,kernel_gp_line_embedding_cv,,,
EE-0p22-data-225x225/EE-0.22data_rot_0deg/arrow_segments.mat,167,Multiplicative RBF-VM RKHS,multiplicative_rbf_vm,157.5,16.0,0.6231289700316056,0.023266096272634474,5.341763631554916,kernel_gp_line_embedding_cv,,,
EE-0p23-data-225x225/EE-0.23data_rot_90deg/arrow_segments.mat,117,Uniform RKHS,uniform,11.054252092940754,,0.07975466797063528,0.0997308722855459,10.457669006412875,kernel_gp_line_embedding_cv,,,
EE-0p4-data-225x225/EE-0.4data_rot_31deg/arrow_segments.mat,92,Uniform RKHS,uniform,10.26367999023247,,0.11615848508567514,0.11125425396846281,12.663625472126558,kernel_gp_line_embedding_cv,,,
EE-0p42-data-225x225/EE-0.42data_rot_-12deg/arrow_segments.mat,90,Multiplicative RBF-VM RKHS,multiplicative_rbf_vm,88.2618893144557,4.0,0.033278433440819814,0.10691185585785343,13.165493526224092,kernel_gp_line_embedding_cv,,,
EE-0p43-data-225x225/EE-0.43data_rot_56.5deg/arrow_segments.mat,89,Multiplicative RBF-VM RKHS,multiplicative_rbf_vm,5.906326733764805,8.0,0.035136615028997,0.032071357688189264,6.814164077336008,kernel_gp_line_embedding_cv,,,
EE-0p6-data-225x225/EE-0.6data_rot_-67deg/arrow_segments.mat,65,Multiplicative RBF-VM RKHS,multiplicative_rbf_vm,10.542178181282909,2.0,0.3476936327382466,0.161183365418431,15.96741088928905,kernel_gp_line_embedding_cv,,,
EE-0p62-data-225x225/EE-0.62data_rot_27deg/arrow_segments.mat,172,Multiplicative RBF-VM RKHS,multiplicative_rbf_vm,6.349222438575564,16.0,0.035069938403190136,0.11212135750055278,11.40052543053308,kernel_gp_line_embedding_cv,,,
EE-0p63-data-225x225/EE-0.63data_rot_6deg/arrow_segments.mat,41,Multiplicative RBF-VM RKHS,multiplicative_rbf_vm,84.0,4.0,0.3686678135037716,0.09936924367392609,13.745293124269518,kernel_gp_line_embedding_cv,,,
EE-0p8-data-226x225/EE-0.8data_rot_34deg/arrow_segments.mat,68,Multiplicative RBF-VM RKHS,multiplicative_rbf_vm,115.5,4.0,0.5651004017213289,0.14931566524894893,16.22394328812852,kernel_gp_line_embedding_cv,,,
EE-0p82-data-225x225/EE-0.82data_rot_37deg/arrow_segments.mat,99,Multiplicative RBF-VM RKHS,multiplicative_rbf_vm,21.849476080315593,1.0,0.5785962050695388,0.1119129422799762,13.02405004109283,kernel_gp_line_embedding_cv,,,
EE-0p83-data-226x225/EE-0.83data_rot_-41.5deg/arrow_segments.mat,115,Multiplicative RBF-VM RKHS,multiplicative_rbf_vm,6.0743414157001565,16.0,0.6198072304825997,0.14401638357741106,11.63815113868571,kernel_gp_line_embedding_cv,,,
EE-1-data-368x368/EE-1data_rot_58deg/arrow_segments.mat,151,Multiplicative RBF-VM RKHS,multiplicative_rbf_vm,3.5,8.0,0.03516149657833926,0.06449832738649217,8.052062619904133,kernel_gp_line_embedding_cv,,,
EE-1-data-368x368/EE-1data_rot_60.5deg/arrow_segments.mat,154,Multiplicative RBF-VM RKHS,multiplicative_rbf_vm,3.5,16.0,0.6335084240988161,0.07127535290917317,8.558537509944923,kernel_gp_line_embedding_cv,,,
EE-12-data-368x368/EE-12data_rot_78.5deg/arrow_segments.mat,117,Multiplicative RBF-VM RKHS,multiplicative_rbf_vm,10.542178181282909,1.0,0.6213822971429943,0.105998917008328,10.82337250817036,kernel_gp_line_embedding_cv,,,
EE-12-data-368x368/EE-12data_rot_80deg/arrow_segments.mat,120,Multiplicative RBF-VM RKHS,multiplicative_rbf_vm,6.0743414157001565,16.0,0.6227078070317745,0.08454962076467937,9.961356748035517,kernel_gp_line_embedding_cv,,,
EE-13-data-225x225/EE-13data_rot_59deg/arrow_segments.mat,143,Gaussian RBF RKHS,gaussian_rbf,14.73651174277032,,0.2763709260364653,0.07743011701396632,9.498704854055385,kernel_gp_line_embedding_cv,,,
EE-13-data-225x225/EE-13data_rot_64.5deg/arrow_segments.mat,145,Multiplicative RBF-VM RKHS,multiplicative_rbf_vm,19.64536148795532,4.0,0.2768362503549544,0.07532282878153382,9.390851340030578,kernel_gp_line_embedding_cv,,,
EE0-data-225x225/EE0data_rot_34.5deg/arrow_segments.mat,153,Multiplicative RBF-VM RKHS,multiplicative_rbf_vm,110.268636569268,1.0,0.03520829784272899,0.07187239208568352,8.860518391716303,kernel_gp_line_embedding_cv,,,
EE0-data-225x225/EE0data_rot_37.5deg/arrow_segments.mat,154,Multiplicative RBF-VM RKHS,multiplicative_rbf_vm,34.913282666938585,2.0,0.08058577002939384,0.07639055170676659,8.717142403875947,kernel_gp_line_embedding_cv,,,
EE02-data-225x225/EE02data_rot_57.5deg/arrow_segments.mat,141,Uniform RKHS,uniform,15.132790203511458,,0.4136400852133423,0.19024676967203452,16.359800755355366,kernel_gp_line_embedding_cv,,,
EE02-data-225x225/EE02data_rot_59.5deg/arrow_segments.mat,136,Multiplicative RBF-VM RKHS,multiplicative_rbf_vm,20.280992505120025,2.0,0.6251614543459745,0.17690753367289308,15.697828523630392,kernel_gp_line_embedding_cv,,,
EE03-data-225x225/EE03data_rot_-20.5deg/arrow_segments.mat,105,Multiplicative RBF-VM RKHS,multiplicative_rbf_vm,3.5,16.0,0.6088087584797233,0.09733437031651046,11.07663031221416,kernel_gp_line_embedding_cv,,,
EE03-data-225x225/EE03data_rot_-23.5deg/arrow_segments.mat,103,Gaussian RBF RKHS,gaussian_rbf,4.580119495966776,,0.39660575750105964,0.1435417136709359,12.910839527424756,kernel_gp_line_embedding_cv,,,
