dataset,n,estimator,model,kernel,bandwidth,kappa,sigma_n,mean_test_rss,sd_test_rss,mean_test_mae_deg,n_folds
EE+0p2-data-225x225/EE_0.2data_rot_-22deg/arrow_segments.mat,136,GP/KRR,GP/KRR RBF-von-Mises line field,multiplicative_rbf_vm,47.11498505883144,0.5,1.0,0.16507882158964432,0.18982746923400398,14.099089541599671,10
EE+0p2-data-225x225/EE_0.2data_rot_-22deg/arrow_segments.mat,136,GP/KRR,GP/KRR RBF line field,rbf,21.80355181091204,,1.0,0.20322350117987073,0.21778513111728717,16.1945792169116,10
EE+0p2-data-225x225/EE_0.2data_rot_-22deg/arrow_segments.mat,136,GP/KRR,GP/KRR uniform line field,uniform,10.090099168608685,,0.32,0.6090772008480436,0.2130960124715898,37.17798712964404,10
EE+0p2-data-225x225/EE_0.2data_rot_-22deg/arrow_segments.mat,136,Nadaraya-Watson,NW RBF-von-Mises line field,multiplicative_rbf_vm,4.669427353638992,32.0,,0.2194739257234739,0.24926150558954172,17.634105481129787,10
EE+0p2-data-225x225/EE_0.2data_rot_-22deg/arrow_segments.mat,136,Nadaraya-Watson,NW RBF line field,rbf,2.1608857798687535,,,0.22788107095159651,0.23675828093447907,18.953821176235405,10
EE+0p2-data-225x225/EE_0.2data_rot_-22deg/arrow_segments.mat,136,Nadaraya-Watson,NW uniform line field,uniform,21.80355181091204,,,0.2338562197345468,0.23181289006736172,19.57411668264634,10
EE+0p22-data-225x225/EE_0.22data_rot_35.5deg/arrow_segments.mat,125,GP/KRR,GP/KRR RBF-von-Mises line field,multiplicative_rbf_vm,101.81010123235768,0.5,0.1,0.15220982027412686,0.17221706453575034,14.626659344439407,10
EE+0p22-data-225x225/EE_0.22data_rot_35.5deg/arrow_segments.mat,125,GP/KRR,GP/KRR RBF line field,rbf,47.11498505883144,,0.1,0.15243995373866595,0.1425667340718785,15.602914158446671,10
EE+0p22-data-225x225/EE_0.22data_rot_35.5deg/arrow_segments.mat,125,GP/KRR,GP/KRR uniform line field,uniform,101.81010123235768,,0.03,0.468526768110394,0.3601383675995789,32.64749294771145,10
EE+0p22-data-225x225/EE_0.22data_rot_35.5deg/arrow_segments.mat,125,Nadaraya-Watson,NW RBF-von-Mises line field,multiplicative_rbf_vm,4.669427353638992,2.0,,0.2239623354918495,0.21872870077133097,18.209359487630188,10
EE+0p22-data-225x225/EE_0.22data_rot_35.5deg/arrow_segments.mat,125,Nadaraya-Watson,NW RBF line field,rbf,4.669427353638992,,,0.22592036258183695,0.21606745590348783,18.531870389797508,10
EE+0p22-data-225x225/EE_0.22data_rot_35.5deg/arrow_segments.mat,125,Nadaraya-Watson,NW uniform line field,uniform,10.090099168608685,,,0.2489859846280468,0.2204389022353058,19.794648751241297,10
EE+0p23-data-225x225/EE_0.23data_rot_0deg/arrow_segments.mat,85,GP/KRR,GP/KRR RBF-von-Mises line field,multiplicative_rbf_vm,21.80355181091204,0.0,0.18,0.18933751157370068,0.16729318372985474,17.43610757653328,10
EE+0p23-data-225x225/EE_0.23data_rot_0deg/arrow_segments.mat,85,GP/KRR,GP/KRR RBF line field,rbf,21.80355181091204,,0.18,0.18933751157370068,0.16729318372985474,17.43610757653328,10
EE+0p23-data-225x225/EE_0.23data_rot_0deg/arrow_segments.mat,85,GP/KRR,GP/KRR uniform line field,uniform,21.80355181091204,,0.06,0.5255272854865071,0.29667328435657264,34.071464769382956,10
EE+0p23-data-225x225/EE_0.23data_rot_0deg/arrow_segments.mat,85,Nadaraya-Watson,NW RBF-von-Mises line field,multiplicative_rbf_vm,220.0,16.0,,0.2656456359219937,0.1924409148270174,22.380714883785384,10
EE+0p23-data-225x225/EE_0.23data_rot_0deg/arrow_segments.mat,85,Nadaraya-Watson,NW RBF line field,rbf,4.669427353638992,,,0.29544309305095745,0.2546159267275052,22.13130357839413,10
EE+0p23-data-225x225/EE_0.23data_rot_0deg/arrow_segments.mat,85,Nadaraya-Watson,NW uniform line field,uniform,10.090099168608685,,,0.3102029960460541,0.21811708243922673,23.387888377135226,10
EE+0p4-data-225x225/EE_0.4data_rot_-67deg/arrow_segments.mat,142,GP/KRR,GP/KRR RBF-von-Mises line field,multiplicative_rbf_vm,21.80355181091204,8.0,0.56,0.09244146012105894,0.0655110585041912,13.409077771168853,10
EE+0p4-data-225x225/EE_0.4data_rot_-67deg/arrow_segments.mat,142,GP/KRR,GP/KRR RBF line field,rbf,10.090099168608685,,1.0,0.12420411119807309,0.10970468687358452,14.963181637946581,10
EE+0p4-data-225x225/EE_0.4data_rot_-67deg/arrow_segments.mat,142,GP/KRR,GP/KRR uniform line field,uniform,21.80355181091204,,1.0,0.5870106617579455,0.274074956398292,37.017030091562575,10
EE+0p4-data-225x225/EE_0.4data_rot_-67deg/arrow_segments.mat,142,Nadaraya-Watson,NW RBF-von-Mises line field,multiplicative_rbf_vm,2.1608857798687535,1.0,,0.12312427644755482,0.06812635081368741,16.24132173656411,10
EE+0p4-data-225x225/EE_0.4data_rot_-67deg/arrow_segments.mat,142,Nadaraya-Watson,NW RBF line field,rbf,2.1608857798687535,,,0.12613207119114006,0.071179566528186,16.371323793167598,10
EE+0p4-data-225x225/EE_0.4data_rot_-67deg/arrow_segments.mat,142,Nadaraya-Watson,NW uniform line field,uniform,1.0,,,0.14576049944505542,0.074952454029986,17.716358063172272,10
EE+0p42-data-225x225/EE_0.42data_rot_-7.5deg/arrow_segments.mat,128,GP/KRR,GP/KRR RBF-von-Mises line field,multiplicative_rbf_vm,47.11498505883144,16.0,0.32,0.11791601335120519,0.17960722943550364,12.103631603355387,10
EE+0p42-data-225x225/EE_0.42data_rot_-7.5deg/arrow_segments.mat,128,GP/KRR,GP/KRR RBF line field,rbf,10.090099168608685,,0.56,0.15345017483391127,0.18800421591968933,14.288352824567047,10
EE+0p42-data-225x225/EE_0.42data_rot_-7.5deg/arrow_segments.mat,128,GP/KRR,GP/KRR uniform line field,uniform,21.80355181091204,,0.03,0.4773815608971793,0.2267708852456373,30.861694500927257,10
EE+0p42-data-225x225/EE_0.42data_rot_-7.5deg/arrow_segments.mat,128,Nadaraya-Watson,NW RBF-von-Mises line field,multiplicative_rbf_vm,10.090099168608685,32.0,,0.14135933014078964,0.18350927017214785,13.525165892208895,10
EE+0p42-data-225x225/EE_0.42data_rot_-7.5deg/arrow_segments.mat,128,Nadaraya-Watson,NW RBF line field,rbf,10.090099168608685,,,0.17893999068965516,0.20268209059647804,17.147520320688542,10
EE+0p42-data-225x225/EE_0.42data_rot_-7.5deg/arrow_segments.mat,128,Nadaraya-Watson,NW uniform line field,uniform,21.80355181091204,,,0.1996459214112794,0.2137598451499537,18.70253437638362,10
EE+0p43-data-225x225/EE_0.43data_rot_14.5deg/arrow_segments.mat,129,GP/KRR,GP/KRR RBF-von-Mises line field,multiplicative_rbf_vm,10.090099168608685,32.0,0.56,0.22635138200528976,0.2322585438199808,17.84393220214189,10
EE+0p43-data-225x225/EE_0.43data_rot_14.5deg/arrow_segments.mat,129,GP/KRR,GP/KRR RBF line field,rbf,21.80355181091204,,1.0,0.3056714884523496,0.25532113675207785,22.627526564048214,10
EE+0p43-data-225x225/EE_0.43data_rot_14.5deg/arrow_segments.mat,129,GP/KRR,GP/KRR uniform line field,uniform,101.81010123235768,,0.03,0.649247524167927,0.2634483391226491,40.51323075576256,10
EE+0p43-data-225x225/EE_0.43data_rot_14.5deg/arrow_segments.mat,129,Nadaraya-Watson,NW RBF-von-Mises line field,multiplicative_rbf_vm,10.090099168608685,32.0,,0.26783532652499614,0.2550064799986371,19.719471488140584,10
EE+0p43-data-225x225/EE_0.43data_rot_14.5deg/arrow_segments.mat,129,Nadaraya-Watson,NW RBF line field,rbf,4.669427353638992,,,0.3464673486945262,0.25354248630856957,24.050843450842738,10
EE+0p43-data-225x225/EE_0.43data_rot_14.5deg/arrow_segments.mat,129,Nadaraya-Watson,NW uniform line field,uniform,21.80355181091204,,,0.3280754457147136,0.28873441810718214,24.227972919732885,10
EE+0p6-data-225x225/EE_0.6data_rot_39.5deg/arrow_segments.mat,69,GP/KRR,GP/KRR RBF-von-Mises line field,multiplicative_rbf_vm,220.0,4.0,0.56,0.1068343967091336,0.14245409529215494,13.141655130031557,10
EE+0p6-data-225x225/EE_0.6data_rot_39.5deg/arrow_segments.mat,69,GP/KRR,GP/KRR RBF line field,rbf,21.80355181091204,,0.56,0.18176795219166425,0.19510953448195914,16.93002100024475,10
EE+0p6-data-225x225/EE_0.6data_rot_39.5deg/arrow_segments.mat,69,GP/KRR,GP/KRR uniform line field,uniform,101.81010123235768,,1.0,0.603743814723736,0.3346925748624135,37.96422034772151,10
EE+0p6-data-225x225/EE_0.6data_rot_39.5deg/arrow_segments.mat,69,Nadaraya-Watson,NW RBF-von-Mises line field,multiplicative_rbf_vm,220.0,32.0,,0.12097392713921969,0.14857223533492492,14.54717391757473,10
EE+0p6-data-225x225/EE_0.6data_rot_39.5deg/arrow_segments.mat,69,Nadaraya-Watson,NW RBF line field,rbf,4.669427353638992,,,0.1931843069578742,0.1824132953714815,17.992534919288886,10
EE+0p6-data-225x225/EE_0.6data_rot_39.5deg/arrow_segments.mat,69,Nadaraya-Watson,NW uniform line field,uniform,10.090099168608685,,,0.20878239310795918,0.17600509536481598,19.61549470113729,10
EE+0p62-data-225x225/EE_0.62data_rot_37.5deg/arrow_segments.mat,68,GP/KRR,GP/KRR RBF-von-Mises line field,multiplicative_rbf_vm,47.11498505883144,4.0,0.56,0.12086699536810445,0.12287007771482567,13.965352158182537,10
EE+0p62-data-225x225/EE_0.62data_rot_37.5deg/arrow_segments.mat,68,GP/KRR,GP/KRR RBF line field,rbf,21.80355181091204,,0.18,0.15980621588513194,0.20403474177806735,16.597547370236395,10
EE+0p62-data-225x225/EE_0.62data_rot_37.5deg/arrow_segments.mat,68,GP/KRR,GP/KRR uniform line field,uniform,10.090099168608685,,0.32,0.5361738661228992,0.25084710416802874,34.90585529634785,10
EE+0p62-data-225x225/EE_0.62data_rot_37.5deg/arrow_segments.mat,68,Nadaraya-Watson,NW RBF-von-Mises line field,multiplicative_rbf_vm,21.80355181091204,32.0,,0.13921630534737836,0.13613405524867342,15.349714971876324,10
EE+0p62-data-225x225/EE_0.62data_rot_37.5deg/arrow_segments.mat,68,Nadaraya-Watson,NW RBF line field,rbf,2.1608857798687535,,,0.236708164384287,0.16116542201590714,21.474675460864102,10
EE+0p62-data-225x225/EE_0.62data_rot_37.5deg/arrow_segments.mat,68,Nadaraya-Watson,NW uniform line field,uniform,10.090099168608685,,,0.28824956998789414,0.2488922236912312,23.145281526101673,10
EE+0p63-data-225x225/EE_0.63data_rot_-30.5deg/arrow_segments.mat,87,GP/KRR,GP/KRR RBF-von-Mises line field,multiplicative_rbf_vm,220.0,16.0,1.0,0.14586276027645373,0.20021236495695954,14.525260285938842,10
EE+0p63-data-225x225/EE_0.63data_rot_-30.5deg/arrow_segments.mat,87,GP/KRR,GP/KRR RBF line field,rbf,10.090099168608685,,1.0,0.18566270935277354,0.19659388972257472,17.197078317093418,10
EE+0p63-data-225x225/EE_0.63data_rot_-30.5deg/arrow_segments.mat,87,GP/KRR,GP/KRR uniform line field,uniform,21.80355181091204,,0.06,0.5230756122183149,0.2503134592957569,34.000497122409115,10
EE+0p63-data-225x225/EE_0.63data_rot_-30.5deg/arrow_segments.mat,87,Nadaraya-Watson,NW RBF-von-Mises line field,multiplicative_rbf_vm,21.80355181091204,32.0,,0.14303680428501434,0.18869517765088764,14.565023678240966,10
EE+0p63-data-225x225/EE_0.63data_rot_-30.5deg/arrow_segments.mat,87,Nadaraya-Watson,NW RBF line field,rbf,10.090099168608685,,,0.20428121509346436,0.1654881821414648,19.871342718314587,10
EE+0p63-data-225x225/EE_0.63data_rot_-30.5deg/arrow_segments.mat,87,Nadaraya-Watson,NW uniform line field,uniform,10.090099168608685,,,0.19223415553022274,0.1662157856950115,19.903922782175307,10
EE+0p8-data-226x225/EE_0.8data_rot_0deg/arrow_segments.mat,163,GP/KRR,GP/KRR RBF-von-Mises line field,multiplicative_rbf_vm,220.0,2.0,0.18,0.15954501120398962,0.14600440467869383,14.53367633385981,10
EE+0p8-data-226x225/EE_0.8data_rot_0deg/arrow_segments.mat,163,GP/KRR,GP/KRR RBF line field,rbf,21.80355181091204,,1.0,0.1897967267949863,0.17629364408059914,16.959239826999813,10
EE+0p8-data-226x225/EE_0.8data_rot_0deg/arrow_segments.mat,163,GP/KRR,GP/KRR uniform line field,uniform,47.11498505883144,,0.32,0.6057319215323738,0.16712258333265032,37.72608939028202,10
EE+0p8-data-226x225/EE_0.8data_rot_0deg/arrow_segments.mat,163,Nadaraya-Watson,NW RBF-von-Mises line field,multiplicative_rbf_vm,21.80355181091204,16.0,,0.20121095329842778,0.18319179966721705,18.17701046477712,10
EE+0p8-data-226x225/EE_0.8data_rot_0deg/arrow_segments.mat,163,Nadaraya-Watson,NW RBF line field,rbf,10.090099168608685,,,0.22177608217704012,0.19345824217755644,19.849441620497522,10
EE+0p8-data-226x225/EE_0.8data_rot_0deg/arrow_segments.mat,163,Nadaraya-Watson,NW uniform line field,uniform,21.80355181091204,,,0.22406724547652074,0.19282422553219478,20.381442854371258,10
EE+0p82-data-226x225/EE_0.82data_rot_-24.5deg/arrow_segments.mat,123,GP/KRR,GP/KRR RBF-von-Mises line field,multiplicative_rbf_vm,10.090099168608685,0.5,1.0,0.15772705389387093,0.10723712497564895,16.479347185323974,10
EE+0p82-data-226x225/EE_0.82data_rot_-24.5deg/arrow_segments.mat,123,GP/KRR,GP/KRR RBF line field,rbf,10.090099168608685,,1.0,0.159282254426493,0.10822844287852326,16.480712019451104,10
EE+0p82-data-226x225/EE_0.82data_rot_-24.5deg/arrow_segments.mat,123,GP/KRR,GP/KRR uniform line field,uniform,10.090099168608685,,0.03,0.500007971912803,0.17830231976237892,33.49690121314588,10
EE+0p82-data-226x225/EE_0.82data_rot_-24.5deg/arrow_segments.mat,123,Nadaraya-Watson,NW RBF-von-Mises line field,multiplicative_rbf_vm,10.090099168608685,16.0,,0.19564812880990104,0.11830427253728709,18.85371997842345,10
EE+0p82-data-226x225/EE_0.82data_rot_-24.5deg/arrow_segments.mat,123,Nadaraya-Watson,NW RBF line field,rbf,4.669427353638992,,,0.2094887384670668,0.12726010844282512,19.892739278288254,10
EE+0p82-data-226x225/EE_0.82data_rot_-24.5deg/arrow_segments.mat,123,Nadaraya-Watson,NW uniform line field,uniform,10.090099168608685,,,0.22173882681992044,0.10218752674732252,20.932014114452908,10
EE+0p83-data-226x225/EE_0.83data_rot_43deg/arrow_segments.mat,158,GP/KRR,GP/KRR RBF-von-Mises line field,multiplicative_rbf_vm,21.80355181091204,2.0,1.0,0.08977422141932631,0.08493058990704905,11.691292833056028,10
EE+0p83-data-226x225/EE_0.83data_rot_43deg/arrow_segments.mat,158,GP/KRR,GP/KRR RBF line field,rbf,10.090099168608685,,1.0,0.10058665113197132,0.10324039530742327,12.422601836528754,10
EE+0p83-data-226x225/EE_0.83data_rot_43deg/arrow_segments.mat,158,GP/KRR,GP/KRR uniform line field,uniform,220.0,,1.0,0.5029972268792247,0.44827587887736403,32.2276290500966,10
EE+0p83-data-226x225/EE_0.83data_rot_43deg/arrow_segments.mat,158,Nadaraya-Watson,NW RBF-von-Mises line field,multiplicative_rbf_vm,4.669427353638992,32.0,,0.10366939292642455,0.08935257049979262,13.314703315547211,10
EE+0p83-data-226x225/EE_0.83data_rot_43deg/arrow_segments.mat,158,Nadaraya-Watson,NW RBF line field,rbf,4.669427353638992,,,0.11991477588948558,0.10483708675294216,14.100296381176781,10
EE+0p83-data-226x225/EE_0.83data_rot_43deg/arrow_segments.mat,158,Nadaraya-Watson,NW uniform line field,uniform,10.090099168608685,,,0.13102380283207252,0.09697916012821682,15.084638880351779,10
EE+1-data-225x225/EE_1data_rot_0deg/arrow_segments.mat,194,GP/KRR,GP/KRR RBF-von-Mises line field,multiplicative_rbf_vm,220.0,0.5,0.18,0.10144742420298909,0.10382920364733329,11.272126755529651,10
EE+1-data-225x225/EE_1data_rot_0deg/arrow_segments.mat,194,GP/KRR,GP/KRR RBF line field,rbf,47.11498505883144,,0.18,0.15045766153026224,0.15646560225629377,13.054224090913214,10
EE+1-data-225x225/EE_1data_rot_0deg/arrow_segments.mat,194,GP/KRR,GP/KRR uniform line field,uniform,21.80355181091204,,0.03,0.57578249401359,0.18565786008560967,36.50788974541557,10
EE+1-data-225x225/EE_1data_rot_0deg/arrow_segments.mat,194,Nadaraya-Watson,NW RBF-von-Mises line field,multiplicative_rbf_vm,10.090099168608685,16.0,,0.14378152076498987,0.12830563472322268,14.4234848283777,10
EE+1-data-225x225/EE_1data_rot_0deg/arrow_segments.mat,194,Nadaraya-Watson,NW RBF line field,rbf,2.1608857798687535,,,0.19546537360660543,0.15025594338875684,16.66389476014472,10
EE+1-data-225x225/EE_1data_rot_0deg/arrow_segments.mat,194,Nadaraya-Watson,NW uniform line field,uniform,1.0,,,0.20130966102023223,0.1329197645438691,18.227118941894975,10
EE+12-data-225x225/EE_12data_rot_-41.5deg/arrow_segments.mat,101,GP/KRR,GP/KRR RBF-von-Mises line field,multiplicative_rbf_vm,220.0,1.0,0.56,0.14362147874461897,0.13062648207450459,13.763892640311942,10
EE+12-data-225x225/EE_12data_rot_-41.5deg/arrow_segments.mat,101,GP/KRR,GP/KRR RBF line field,rbf,21.80355181091204,,1.0,0.18748170212723334,0.16151368326843485,15.844826740371548,10
EE+12-data-225x225/EE_12data_rot_-41.5deg/arrow_segments.mat,101,GP/KRR,GP/KRR uniform line field,uniform,21.80355181091204,,0.56,0.5169342519402791,0.2678127410161727,33.93405579216481,10
EE+12-data-225x225/EE_12data_rot_-41.5deg/arrow_segments.mat,101,Nadaraya-Watson,NW RBF-von-Mises line field,multiplicative_rbf_vm,101.81010123235768,8.0,,0.15136804313001467,0.12479402174426511,15.389289746963083,10
EE+12-data-225x225/EE_12data_rot_-41.5deg/arrow_segments.mat,101,Nadaraya-Watson,NW RBF line field,rbf,10.090099168608685,,,0.20524126626288583,0.14946153106099186,18.55040355324315,10
EE+12-data-225x225/EE_12data_rot_-41.5deg/arrow_segments.mat,101,Nadaraya-Watson,NW uniform line field,uniform,21.80355181091204,,,0.2024047357007573,0.1397284216061,19.177556997423117,10
EE+13-data-225x225/EE_13data_rot_34.5deg/arrow_segments.mat,80,GP/KRR,GP/KRR RBF-von-Mises line field,multiplicative_rbf_vm,220.0,1.0,0.1,0.1170666357898144,0.13265133814938937,12.075683863059822,10
EE+13-data-225x225/EE_13data_rot_34.5deg/arrow_segments.mat,80,GP/KRR,GP/KRR RBF line field,rbf,10.090099168608685,,1.0,0.14042964360747034,0.16488670434353092,13.959833582005938,10
EE+13-data-225x225/EE_13data_rot_34.5deg/arrow_segments.mat,80,GP/KRR,GP/KRR uniform line field,uniform,101.81010123235768,,0.03,0.3909904006349076,0.20428186216496647,30.620979247458898,10
EE+13-data-225x225/EE_13data_rot_34.5deg/arrow_segments.mat,80,Nadaraya-Watson,NW RBF-von-Mises line field,multiplicative_rbf_vm,10.090099168608685,16.0,,0.14005168707734444,0.16241179980038362,14.228915946588211,10
EE+13-data-225x225/EE_13data_rot_34.5deg/arrow_segments.mat,80,Nadaraya-Watson,NW RBF line field,rbf,4.669427353638992,,,0.16759807028442836,0.17041686700445133,16.737760593831588,10
EE+13-data-225x225/EE_13data_rot_34.5deg/arrow_segments.mat,80,Nadaraya-Watson,NW uniform line field,uniform,10.090099168608685,,,0.1892283777916661,0.201002510604019,18.201318153514322,10
EE-0p2-data-225x225/EE-0.2data_rot_62.5deg/arrow_segments.mat,196,GP/KRR,GP/KRR RBF-von-Mises line field,multiplicative_rbf_vm,4.669427353638992,32.0,0.03,0.11824604213728382,0.11464504357107563,12.691467154720602,10
EE-0p2-data-225x225/EE-0.2data_rot_62.5deg/arrow_segments.mat,196,GP/KRR,GP/KRR RBF line field,rbf,2.1608857798687535,,0.03,0.13519242052889976,0.09493920829838615,14.348084817278226,10
EE-0p2-data-225x225/EE-0.2data_rot_62.5deg/arrow_segments.mat,196,GP/KRR,GP/KRR uniform line field,uniform,10.090099168608685,,0.18,0.6571089853240661,0.3323753592052667,39.420936494453215,10
EE-0p2-data-225x225/EE-0.2data_rot_62.5deg/arrow_segments.mat,196,Nadaraya-Watson,NW RBF-von-Mises line field,multiplicative_rbf_vm,21.80355181091204,32.0,,0.12953936462808333,0.15527146562954455,12.549563807794474,10
EE-0p2-data-225x225/EE-0.2data_rot_62.5deg/arrow_segments.mat,196,Nadaraya-Watson,NW RBF line field,rbf,2.1608857798687535,,,0.13669207178875797,0.0940330286934089,14.525297757897993,10
EE-0p2-data-225x225/EE-0.2data_rot_62.5deg/arrow_segments.mat,196,Nadaraya-Watson,NW uniform line field,uniform,1.0,,,0.1456185874885953,0.08021073021619089,16.20466254067022,10
EE-0p22-data-225x225/EE-0.22data_rot_0deg/arrow_segments.mat,167,GP/KRR,GP/KRR RBF-von-Mises line field,multiplicative_rbf_vm,21.80355181091204,32.0,0.56,0.062241462231533796,0.11156832746635807,8.901881746475485,10
EE-0p22-data-225x225/EE-0.22data_rot_0deg/arrow_segments.mat,167,GP/KRR,GP/KRR RBF line field,rbf,10.090099168608685,,1.0,0.08250075871024368,0.14353016410147162,10.103156845664726,10
EE-0p22-data-225x225/EE-0.22data_rot_0deg/arrow_segments.mat,167,GP/KRR,GP/KRR uniform line field,uniform,21.80355181091204,,0.06,0.5032231573445896,0.23151905012097743,33.26848875015821,10
EE-0p22-data-225x225/EE-0.22data_rot_0deg/arrow_segments.mat,167,Nadaraya-Watson,NW RBF-von-Mises line field,multiplicative_rbf_vm,220.0,32.0,,0.06960503206555273,0.11595199885592611,10.021000256757095,10
EE-0p22-data-225x225/EE-0.22data_rot_0deg/arrow_segments.mat,167,Nadaraya-Watson,NW RBF line field,rbf,4.669427353638992,,,0.09277376791334402,0.12110865957148641,12.23339014812014,10
EE-0p22-data-225x225/EE-0.22data_rot_0deg/arrow_segments.mat,167,Nadaraya-Watson,NW uniform line field,uniform,1.0,,,0.10057723955137159,0.10016446488530961,13.548292290196594,10
EE-0p23-data-225x225/EE-0.23data_rot_90deg/arrow_segments.mat,117,GP/KRR,GP/KRR RBF-von-Mises line field,multiplicative_rbf_vm,10.090099168608685,2.0,0.56,0.12052977671001823,0.08755795135139448,12.28225257888374,10
EE-0p23-data-225x225/EE-0.23data_rot_90deg/arrow_segments.mat,117,GP/KRR,GP/KRR RBF line field,rbf,4.669427353638992,,0.56,0.1326180372395824,0.08738022594188637,14.642587687212089,10
EE-0p23-data-225x225/EE-0.23data_rot_90deg/arrow_segments.mat,117,GP/KRR,GP/KRR uniform line field,uniform,10.090099168608685,,0.06,0.5983992497906305,0.19239109205792926,36.67416285232327,10
EE-0p23-data-225x225/EE-0.23data_rot_90deg/arrow_segments.mat,117,Nadaraya-Watson,NW RBF-von-Mises line field,multiplicative_rbf_vm,2.1608857798687535,0.0,,0.1508910294852196,0.08920105948388853,16.59890116939139,10
EE-0p23-data-225x225/EE-0.23data_rot_90deg/arrow_segments.mat,117,Nadaraya-Watson,NW RBF line field,rbf,2.1608857798687535,,,0.1508910294852196,0.08920105948388853,16.59890116939139,10
EE-0p23-data-225x225/EE-0.23data_rot_90deg/arrow_segments.mat,117,Nadaraya-Watson,NW uniform line field,uniform,10.090099168608685,,,0.1919860083771484,0.12743053715047195,18.840234520465454,10
EE-0p4-data-225x225/EE-0.4data_rot_31deg/arrow_segments.mat,92,GP/KRR,GP/KRR RBF-von-Mises line field,multiplicative_rbf_vm,220.0,4.0,1.0,0.15238298169475434,0.13617201466315348,14.495431248310558,10
EE-0p4-data-225x225/EE-0.4data_rot_31deg/arrow_segments.mat,92,GP/KRR,GP/KRR RBF line field,rbf,10.090099168608685,,0.32,0.2202212855873856,0.18760684633314295,17.420299933416295,10
EE-0p4-data-225x225/EE-0.4data_rot_31deg/arrow_segments.mat,92,GP/KRR,GP/KRR uniform line field,uniform,47.11498505883144,,1.0,0.5679207448655712,0.24359318650807166,37.00518584517683,10
EE-0p4-data-225x225/EE-0.4data_rot_31deg/arrow_segments.mat,92,Nadaraya-Watson,NW RBF-von-Mises line field,multiplicative_rbf_vm,220.0,32.0,,0.2074052495262509,0.18637327015103786,17.27075327137279,10
EE-0p4-data-225x225/EE-0.4data_rot_31deg/arrow_segments.mat,92,Nadaraya-Watson,NW RBF line field,rbf,4.669427353638992,,,0.3013837149620294,0.20664110291795204,23.75429511792138,10
EE-0p4-data-225x225/EE-0.4data_rot_31deg/arrow_segments.mat,92,Nadaraya-Watson,NW uniform line field,uniform,10.090099168608685,,,0.30719478905533926,0.2043355538671352,23.88762357071155,10
EE-0p42-data-225x225/EE-0.42data_rot_-12deg/arrow_segments.mat,90,GP/KRR,GP/KRR RBF-von-Mises line field,multiplicative_rbf_vm,21.80355181091204,0.5,0.32,0.1730004957287055,0.1550853264846319,16.263629742856416,10
EE-0p42-data-225x225/EE-0.42data_rot_-12deg/arrow_segments.mat,90,GP/KRR,GP/KRR RBF line field,rbf,21.80355181091204,,0.56,0.1755464836082033,0.13994367267775354,17.162698511066218,10
EE-0p42-data-225x225/EE-0.42data_rot_-12deg/arrow_segments.mat,90,GP/KRR,GP/KRR uniform line field,uniform,101.81010123235768,,1.0,0.5199134522863977,0.32679252394833874,34.65450513593785,10
EE-0p42-data-225x225/EE-0.42data_rot_-12deg/arrow_segments.mat,90,Nadaraya-Watson,NW RBF-von-Mises line field,multiplicative_rbf_vm,21.80355181091204,8.0,,0.22486690122122002,0.20820321270388997,19.201273627278105,10
EE-0p42-data-225x225/EE-0.42data_rot_-12deg/arrow_segments.mat,90,Nadaraya-Watson,NW RBF line field,rbf,10.090099168608685,,,0.2457798246321501,0.23358593497344277,21.004870693824866,10
EE-0p42-data-225x225/EE-0.42data_rot_-12deg/arrow_segments.mat,90,Nadaraya-Watson,NW uniform line field,uniform,21.80355181091204,,,0.238853269559092,0.2133549598933069,21.627797819842886,10
EE-0p43-data-225x225/EE-0.43data_rot_56.5deg/arrow_segments.mat,89,GP/KRR,GP/KRR RBF-von-Mises line field,multiplicative_rbf_vm,47.11498505883144,16.0,0.1,0.08802115608375845,0.09005077821147404,10.637887027780774,10
EE-0p43-data-225x225/EE-0.43data_rot_56.5deg/arrow_segments.mat,89,GP/KRR,GP/KRR RBF line field,rbf,21.80355181091204,,0.56,0.13650470136092044,0.2121608675954874,14.30059202812503,10
EE-0p43-data-225x225/EE-0.43data_rot_56.5deg/arrow_segments.mat,89,GP/KRR,GP/KRR uniform line field,uniform,10.090099168608685,,0.32,0.5502328642579879,0.18758973097428003,35.68660253146046,10
EE-0p43-data-225x225/EE-0.43data_rot_56.5deg/arrow_segments.mat,89,Nadaraya-Watson,NW RBF-von-Mises line field,multiplicative_rbf_vm,4.669427353638992,32.0,,0.15581878984410852,0.20914409196449152,14.992210921698572,10
EE-0p43-data-225x225/EE-0.43data_rot_56.5deg/arrow_segments.mat,89,Nadaraya-Watson,NW RBF line field,rbf,2.1608857798687535,,,0.19704774184254842,0.2039387555937516,18.716435492460395,10
EE-0p43-data-225x225/EE-0.43data_rot_56.5deg/arrow_segments.mat,89,Nadaraya-Watson,NW uniform line field,uniform,10.090099168608685,,,0.2194040413413197,0.2176881610636629,20.17582298597243,10
EE-0p6-data-225x225/EE-0.6data_rot_-67deg/arrow_segments.mat,65,GP/KRR,GP/KRR RBF-von-Mises line field,multiplicative_rbf_vm,10.090099168608685,0.0,0.32,0.2541706937385907,0.27528163429949437,21.24870780380079,10
EE-0p6-data-225x225/EE-0.6data_rot_-67deg/arrow_segments.mat,65,GP/KRR,GP/KRR RBF line field,rbf,10.090099168608685,,0.32,0.2541706937385907,0.27528163429949437,21.24870780380079,10
EE-0p6-data-225x225/EE-0.6data_rot_-67deg/arrow_segments.mat,65,GP/KRR,GP/KRR uniform line field,uniform,101.81010123235768,,0.03,0.32071561774751256,0.12262433935755086,28.14521259629297,10
EE-0p6-data-225x225/EE-0.6data_rot_-67deg/arrow_segments.mat,65,Nadaraya-Watson,NW RBF-von-Mises line field,multiplicative_rbf_vm,4.669427353638992,0.0,,0.24961276082322786,0.2056610728302376,22.346426837816985,10
EE-0p6-data-225x225/EE-0.6data_rot_-67deg/arrow_segments.mat,65,Nadaraya-Watson,NW RBF line field,rbf,4.669427353638992,,,0.24961276082322786,0.2056610728302376,22.346426837816985,10
EE-0p6-data-225x225/EE-0.6data_rot_-67deg/arrow_segments.mat,65,Nadaraya-Watson,NW uniform line field,uniform,10.090099168608685,,,0.2704793026138896,0.22611594997642176,23.31782469098065,10
EE-0p62-data-225x225/EE-0.62data_rot_27deg/arrow_segments.mat,172,GP/KRR,GP/KRR RBF-von-Mises line field,multiplicative_rbf_vm,220.0,1.0,0.32,0.20774771266518455,0.24353905915524274,18.26135123703368,10
EE-0p62-data-225x225/EE-0.62data_rot_27deg/arrow_segments.mat,172,GP/KRR,GP/KRR RBF line field,rbf,220.0,,0.03,0.23045293966515054,0.20923364483464943,19.799781152069126,10
EE-0p62-data-225x225/EE-0.62data_rot_27deg/arrow_segments.mat,172,GP/KRR,GP/KRR uniform line field,uniform,10.090099168608685,,0.1,0.6388375956697393,0.23480561556060445,38.520535671708934,10
EE-0p62-data-225x225/EE-0.62data_rot_27deg/arrow_segments.mat,172,Nadaraya-Watson,NW RBF-von-Mises line field,multiplicative_rbf_vm,21.80355181091204,8.0,,0.23835139073002512,0.24894157156767058,20.49769087255136,10
EE-0p62-data-225x225/EE-0.62data_rot_27deg/arrow_segments.mat,172,Nadaraya-Watson,NW RBF line field,rbf,10.090099168608685,,,0.26511805812699596,0.23693833293634986,21.594887769703284,10
EE-0p62-data-225x225/EE-0.62data_rot_27deg/arrow_segments.mat,172,Nadaraya-Watson,NW uniform line field,uniform,21.80355181091204,,,0.27670018486061687,0.23312521800273586,22.196939228874083,10
EE-0p63-data-225x225/EE-0.63data_rot_6deg/arrow_segments.mat,41,GP/KRR,GP/KRR RBF-von-Mises line field,multiplicative_rbf_vm,10.090099168608685,8.0,0.18,0.22899508853559292,0.2130359894035251,21.032731713280516,10
EE-0p63-data-225x225/EE-0.63data_rot_6deg/arrow_segments.mat,41,GP/KRR,GP/KRR RBF line field,rbf,10.090099168608685,,0.32,0.3132872522192963,0.2828500148420199,23.967915984385158,10
EE-0p63-data-225x225/EE-0.63data_rot_6deg/arrow_segments.mat,41,GP/KRR,GP/KRR uniform line field,uniform,101.81010123235768,,1.0,0.44402469158697466,0.4153490863037647,30.224131471388933,10
EE-0p63-data-225x225/EE-0.63data_rot_6deg/arrow_segments.mat,41,Nadaraya-Watson,NW RBF-von-Mises line field,multiplicative_rbf_vm,10.090099168608685,32.0,,0.27533779135671665,0.2996823178526207,23.711725028897604,10
EE-0p63-data-225x225/EE-0.63data_rot_6deg/arrow_segments.mat,41,Nadaraya-Watson,NW RBF line field,rbf,4.669427353638992,,,0.3658067424288876,0.2913002046615026,27.710387707842536,10
EE-0p63-data-225x225/EE-0.63data_rot_6deg/arrow_segments.mat,41,Nadaraya-Watson,NW uniform line field,uniform,10.090099168608685,,,0.3875006044598885,0.2823429114968239,28.90576696551374,10
EE-0p8-data-226x225/EE-0.8data_rot_34deg/arrow_segments.mat,68,GP/KRR,GP/KRR RBF-von-Mises line field,multiplicative_rbf_vm,10.090099168608685,16.0,1.0,0.09957110165304076,0.05646245545198548,13.467670095288762,10
EE-0p8-data-226x225/EE-0.8data_rot_34deg/arrow_segments.mat,68,GP/KRR,GP/KRR RBF line field,rbf,4.669427353638992,,1.0,0.20359687947149743,0.15343594458195645,18.355573196411207,10
EE-0p8-data-226x225/EE-0.8data_rot_34deg/arrow_segments.mat,68,GP/KRR,GP/KRR uniform line field,uniform,101.81010123235768,,1.0,0.4192744367065657,0.2655413191565753,31.69843520733725,10
EE-0p8-data-226x225/EE-0.8data_rot_34deg/arrow_segments.mat,68,Nadaraya-Watson,NW RBF-von-Mises line field,multiplicative_rbf_vm,4.669427353638992,32.0,,0.1109801064947388,0.05413108666919758,14.228605661406553,10
EE-0p8-data-226x225/EE-0.8data_rot_34deg/arrow_segments.mat,68,Nadaraya-Watson,NW RBF line field,rbf,4.669427353638992,,,0.2116318208463293,0.14054753539793471,19.28697256243504,10
EE-0p8-data-226x225/EE-0.8data_rot_34deg/arrow_segments.mat,68,Nadaraya-Watson,NW uniform line field,uniform,10.090099168608685,,,0.20816973477816342,0.13708783000675423,19.440073777263443,10
EE-0p82-data-225x225/EE-0.82data_rot_37deg/arrow_segments.mat,99,GP/KRR,GP/KRR RBF-von-Mises line field,multiplicative_rbf_vm,47.11498505883144,32.0,1.0,0.12531282497576987,0.09305845180209264,15.395877045513165,10
EE-0p82-data-225x225/EE-0.82data_rot_37deg/arrow_segments.mat,99,GP/KRR,GP/KRR RBF line field,rbf,21.80355181091204,,0.56,0.15970540316922388,0.14658913963186862,17.344791327960113,10
EE-0p82-data-225x225/EE-0.82data_rot_37deg/arrow_segments.mat,99,GP/KRR,GP/KRR uniform line field,uniform,101.81010123235768,,1.0,0.5077319731767298,0.3417961971866569,34.65931124047421,10
EE-0p82-data-225x225/EE-0.82data_rot_37deg/arrow_segments.mat,99,Nadaraya-Watson,NW RBF-von-Mises line field,multiplicative_rbf_vm,10.090099168608685,32.0,,0.14775004911635903,0.09557161542370206,16.884876491254705,10
EE-0p82-data-225x225/EE-0.82data_rot_37deg/arrow_segments.mat,99,Nadaraya-Watson,NW RBF line field,rbf,4.669427353638992,,,0.19538706391560706,0.09942251695236339,20.800864132610382,10
EE-0p82-data-225x225/EE-0.82data_rot_37deg/arrow_segments.mat,99,Nadaraya-Watson,NW uniform line field,uniform,10.090099168608685,,,0.20567327504237154,0.11214717814609405,21.2037078248267,10
EE-0p83-data-226x225/EE-0.83data_rot_-41.5deg/arrow_segments.mat,115,GP/KRR,GP/KRR RBF-von-Mises line field,multiplicative_rbf_vm,101.81010123235768,2.0,1.0,0.18304018527409538,0.19335505303979947,16.01282315783924,10
EE-0p83-data-226x225/EE-0.83data_rot_-41.5deg/arrow_segments.mat,115,GP/KRR,GP/KRR RBF line field,rbf,101.81010123235768,,0.06,0.23401206839173622,0.2039819435925394,19.684544312243407,10
EE-0p83-data-226x225/EE-0.83data_rot_-41.5deg/arrow_segments.mat,115,GP/KRR,GP/KRR uniform line field,uniform,10.090099168608685,,0.18,0.5593549051724171,0.17834008292640108,35.62828331724393,10
EE-0p83-data-226x225/EE-0.83data_rot_-41.5deg/arrow_segments.mat,115,Nadaraya-Watson,NW RBF-von-Mises line field,multiplicative_rbf_vm,21.80355181091204,8.0,,0.20388895477970137,0.18164675017878634,17.406923321167007,10
EE-0p83-data-226x225/EE-0.83data_rot_-41.5deg/arrow_segments.mat,115,Nadaraya-Watson,NW RBF line field,rbf,10.090099168608685,,,0.27717701319745386,0.20033934887226967,21.65179896971294,10
EE-0p83-data-226x225/EE-0.83data_rot_-41.5deg/arrow_segments.mat,115,Nadaraya-Watson,NW uniform line field,uniform,10.090099168608685,,,0.26463946941091376,0.20841002922467963,20.294412153545718,10
EE-1-data-368x368/EE-1data_rot_58deg/arrow_segments.mat,151,GP/KRR,GP/KRR RBF-von-Mises line field,multiplicative_rbf_vm,4.669427353638992,32.0,0.32,0.08441040814301745,0.05457513668787217,12.261893297273437,10
EE-1-data-368x368/EE-1data_rot_58deg/arrow_segments.mat,151,GP/KRR,GP/KRR RBF line field,rbf,4.669427353638992,,1.0,0.15035681448025112,0.09649254617404678,15.024141696619642,10
EE-1-data-368x368/EE-1data_rot_58deg/arrow_segments.mat,151,GP/KRR,GP/KRR uniform line field,uniform,10.090099168608685,,0.18,0.4447803005766343,0.2444252047538594,30.141601481294337,10
EE-1-data-368x368/EE-1data_rot_58deg/arrow_segments.mat,151,Nadaraya-Watson,NW RBF-von-Mises line field,multiplicative_rbf_vm,4.669427353638992,32.0,,0.09051411097133014,0.048630957487075833,13.231360843732684,10
EE-1-data-368x368/EE-1data_rot_58deg/arrow_segments.mat,151,Nadaraya-Watson,NW RBF line field,rbf,4.669427353638992,,,0.16124851665467338,0.10079419543665569,16.445114840501134,10
EE-1-data-368x368/EE-1data_rot_58deg/arrow_segments.mat,151,Nadaraya-Watson,NW uniform line field,uniform,1.0,,,0.19004100433858845,0.12067763114000526,18.11377351481579,10
EE-1-data-368x368/EE-1data_rot_60.5deg/arrow_segments.mat,154,GP/KRR,GP/KRR RBF-von-Mises line field,multiplicative_rbf_vm,220.0,0.5,0.1,0.09690233562692754,0.09522079048651574,10.898826708966387,10
EE-1-data-368x368/EE-1data_rot_60.5deg/arrow_segments.mat,154,GP/KRR,GP/KRR RBF line field,rbf,21.80355181091204,,0.56,0.14919620752536913,0.1399101697406412,13.022466786064038,10
EE-1-data-368x368/EE-1data_rot_60.5deg/arrow_segments.mat,154,GP/KRR,GP/KRR uniform line field,uniform,10.090099168608685,,0.1,0.537689422359249,0.2099767333347133,34.48423879833274,10
EE-1-data-368x368/EE-1data_rot_60.5deg/arrow_segments.mat,154,Nadaraya-Watson,NW RBF-von-Mises line field,multiplicative_rbf_vm,21.80355181091204,32.0,,0.1552956609082891,0.16420122856143565,13.94873815119145,10
EE-1-data-368x368/EE-1data_rot_60.5deg/arrow_segments.mat,154,Nadaraya-Watson,NW RBF line field,rbf,10.090099168608685,,,0.21329575685355642,0.21671527812496966,18.039972947775084,10
EE-1-data-368x368/EE-1data_rot_60.5deg/arrow_segments.mat,154,Nadaraya-Watson,NW uniform line field,uniform,21.80355181091204,,,0.20442517238181393,0.19208598210047442,18.237965205912783,10
EE-12-data-368x368/EE-12data_rot_78.5deg/arrow_segments.mat,117,GP/KRR,GP/KRR RBF-von-Mises line field,multiplicative_rbf_vm,47.11498505883144,0.5,0.18,0.15311236064517933,0.13746306750063894,15.55968203210901,10
EE-12-data-368x368/EE-12data_rot_78.5deg/arrow_segments.mat,117,GP/KRR,GP/KRR RBF line field,rbf,10.090099168608685,,1.0,0.1790988801342536,0.19390774923611567,15.899915163465701,10
EE-12-data-368x368/EE-12data_rot_78.5deg/arrow_segments.mat,117,GP/KRR,GP/KRR uniform line field,uniform,10.090099168608685,,0.1,0.47481850029751643,0.24434856023109447,32.126089873972035,10
EE-12-data-368x368/EE-12data_rot_78.5deg/arrow_segments.mat,117,Nadaraya-Watson,NW RBF-von-Mises line field,multiplicative_rbf_vm,4.669427353638992,16.0,,0.21497586471140862,0.20830339525115457,19.27028554329778,10
EE-12-data-368x368/EE-12data_rot_78.5deg/arrow_segments.mat,117,Nadaraya-Watson,NW RBF line field,rbf,4.669427353638992,,,0.2401887590593343,0.25109372733877455,19.975481628490545,10
EE-12-data-368x368/EE-12data_rot_78.5deg/arrow_segments.mat,117,Nadaraya-Watson,NW uniform line field,uniform,10.090099168608685,,,0.27264394145456894,0.269487470794765,21.72755608818473,10
EE-12-data-368x368/EE-12data_rot_80deg/arrow_segments.mat,120,GP/KRR,GP/KRR RBF-von-Mises line field,multiplicative_rbf_vm,220.0,0.5,0.18,0.1426743315037848,0.15244936218640623,13.821289469825416,10
EE-12-data-368x368/EE-12data_rot_80deg/arrow_segments.mat,120,GP/KRR,GP/KRR RBF line field,rbf,21.80355181091204,,0.56,0.2002919624999217,0.20473019014143923,16.885898469034736,10
EE-12-data-368x368/EE-12data_rot_80deg/arrow_segments.mat,120,GP/KRR,GP/KRR uniform line field,uniform,21.80355181091204,,0.56,0.5937751897204189,0.19352397057618684,37.5739124468502,10
EE-12-data-368x368/EE-12data_rot_80deg/arrow_segments.mat,120,Nadaraya-Watson,NW RBF-von-Mises line field,multiplicative_rbf_vm,47.11498505883144,32.0,,0.15188127840793586,0.1225611310275439,14.47437724878723,10
EE-12-data-368x368/EE-12data_rot_80deg/arrow_segments.mat,120,Nadaraya-Watson,NW RBF line field,rbf,4.669427353638992,,,0.2498188327252937,0.2045422231115731,21.043640501976643,10
EE-12-data-368x368/EE-12data_rot_80deg/arrow_segments.mat,120,Nadaraya-Watson,NW uniform line field,uniform,1.0,,,0.2841609576320542,0.14780212773745788,23.934107014892746,10
EE-13-data-225x225/EE-13data_rot_59deg/arrow_segments.mat,143,GP/KRR,GP/KRR RBF-von-Mises line field,multiplicative_rbf_vm,47.11498505883144,0.5,0.06,0.07995866410081624,0.06119798545870781,10.894604924540335,10
EE-13-data-225x225/EE-13data_rot_59deg/arrow_segments.mat,143,GP/KRR,GP/KRR RBF line field,rbf,21.80355181091204,,0.56,0.09588020367890708,0.09688277122786555,10.676467896097547,10
EE-13-data-225x225/EE-13data_rot_59deg/arrow_segments.mat,143,GP/KRR,GP/KRR uniform line field,uniform,10.090099168608685,,0.18,0.5921068750028756,0.21727689162905195,36.06546070504227,10
EE-13-data-225x225/EE-13data_rot_59deg/arrow_segments.mat,143,Nadaraya-Watson,NW RBF-von-Mises line field,multiplicative_rbf_vm,21.80355181091204,16.0,,0.098941806406594,0.0934018624674211,12.650385831664284,10
EE-13-data-225x225/EE-13data_rot_59deg/arrow_segments.mat,143,Nadaraya-Watson,NW RBF line field,rbf,10.090099168608685,,,0.12611446737118176,0.06618336438549653,15.551029716559395,10
EE-13-data-225x225/EE-13data_rot_59deg/arrow_segments.mat,143,Nadaraya-Watson,NW uniform line field,uniform,21.80355181091204,,,0.14692796623280707,0.09134958804716488,16.513081919651505,10
EE-13-data-225x225/EE-13data_rot_64.5deg/arrow_segments.mat,145,GP/KRR,GP/KRR RBF-von-Mises line field,multiplicative_rbf_vm,21.80355181091204,16.0,1.0,0.09597366255300759,0.07761585515313489,11.83088769966523,10
EE-13-data-225x225/EE-13data_rot_64.5deg/arrow_segments.mat,145,GP/KRR,GP/KRR RBF line field,rbf,21.80355181091204,,0.56,0.14397430208199175,0.1528593383795571,13.307071774254036,10
EE-13-data-225x225/EE-13data_rot_64.5deg/arrow_segments.mat,145,GP/KRR,GP/KRR uniform line field,uniform,10.090099168608685,,0.1,0.5265093511832757,0.2220396981364135,33.51066242926872,10
EE-13-data-225x225/EE-13data_rot_64.5deg/arrow_segments.mat,145,Nadaraya-Watson,NW RBF-von-Mises line field,multiplicative_rbf_vm,21.80355181091204,16.0,,0.11268035282397522,0.080171492599555,13.64510895407,10
EE-13-data-225x225/EE-13data_rot_64.5deg/arrow_segments.mat,145,Nadaraya-Watson,NW RBF line field,rbf,4.669427353638992,,,0.17381879752809007,0.14281044812752458,17.90031880375509,10
EE-13-data-225x225/EE-13data_rot_64.5deg/arrow_segments.mat,145,Nadaraya-Watson,NW uniform line field,uniform,21.80355181091204,,,0.19116898141786093,0.14020353486047846,18.7598502803689,10
EE0-data-225x225/EE0data_rot_34.5deg/arrow_segments.mat,153,GP/KRR,GP/KRR RBF-von-Mises line field,multiplicative_rbf_vm,21.80355181091204,0.0,0.56,0.09836842828401922,0.10569836055580985,11.741658180785464,10
EE0-data-225x225/EE0data_rot_34.5deg/arrow_segments.mat,153,GP/KRR,GP/KRR RBF line field,rbf,21.80355181091204,,0.56,0.09836842828401922,0.10569836055580985,11.741658180785464,10
EE0-data-225x225/EE0data_rot_34.5deg/arrow_segments.mat,153,GP/KRR,GP/KRR uniform line field,uniform,10.090099168608685,,0.06,0.561569944482029,0.26642753155993126,36.14114767158456,10
EE0-data-225x225/EE0data_rot_34.5deg/arrow_segments.mat,153,Nadaraya-Watson,NW RBF-von-Mises line field,multiplicative_rbf_vm,47.11498505883144,16.0,,0.13616783845069777,0.117065831159042,14.533382847964967,10
EE0-data-225x225/EE0data_rot_34.5deg/arrow_segments.mat,153,Nadaraya-Watson,NW RBF line field,rbf,10.090099168608685,,,0.15077444555813085,0.12684639109544704,16.207603934152612,10
EE0-data-225x225/EE0data_rot_34.5deg/arrow_segments.mat,153,Nadaraya-Watson,NW uniform line field,uniform,21.80355181091204,,,0.15940352577256164,0.12393591360645304,16.965093758427265,10
EE0-data-225x225/EE0data_rot_37.5deg/arrow_segments.mat,154,GP/KRR,GP/KRR RBF-von-Mises line field,multiplicative_rbf_vm,220.0,8.0,0.56,0.08299466880120814,0.10634713910794735,9.477714512904912,10
EE0-data-225x225/EE0data_rot_37.5deg/arrow_segments.mat,154,GP/KRR,GP/KRR RBF line field,rbf,21.80355181091204,,1.0,0.09920483622570811,0.10428020927016395,10.58229199439906,10
EE0-data-225x225/EE0data_rot_37.5deg/arrow_segments.mat,154,GP/KRR,GP/KRR uniform line field,uniform,21.80355181091204,,0.1,0.5216998099542312,0.15546223443282733,34.02731656202637,10
EE0-data-225x225/EE0data_rot_37.5deg/arrow_segments.mat,154,Nadaraya-Watson,NW RBF-von-Mises line field,multiplicative_rbf_vm,220.0,32.0,,0.09849789847856635,0.11787622858112021,11.138462287012818,10
EE0-data-225x225/EE0data_rot_37.5deg/arrow_segments.mat,154,Nadaraya-Watson,NW RBF line field,rbf,10.090099168608685,,,0.12467365288320797,0.10964220957833387,14.067521572615112,10
EE0-data-225x225/EE0data_rot_37.5deg/arrow_segments.mat,154,Nadaraya-Watson,NW uniform line field,uniform,10.090099168608685,,,0.12757126741599029,0.11601241023566362,14.874993860073795,10
EE02-data-225x225/EE02data_rot_57.5deg/arrow_segments.mat,141,GP/KRR,GP/KRR RBF-von-Mises line field,multiplicative_rbf_vm,47.11498505883144,0.5,0.32,0.24054129580002734,0.30685727969914456,20.59835522898916,10
EE02-data-225x225/EE02data_rot_57.5deg/arrow_segments.mat,141,GP/KRR,GP/KRR RBF line field,rbf,47.11498505883144,,0.1,0.26761175567772316,0.27189132271695593,22.51981375709297,10
EE02-data-225x225/EE02data_rot_57.5deg/arrow_segments.mat,141,GP/KRR,GP/KRR uniform line field,uniform,21.80355181091204,,1.0,0.46799768723264157,0.14811619645775262,32.335897580844644,10
EE02-data-225x225/EE02data_rot_57.5deg/arrow_segments.mat,141,Nadaraya-Watson,NW RBF-von-Mises line field,multiplicative_rbf_vm,10.090099168608685,32.0,,0.29655942792318374,0.2446179747964679,23.850909682577836,10
EE02-data-225x225/EE02data_rot_57.5deg/arrow_segments.mat,141,Nadaraya-Watson,NW RBF line field,rbf,2.1608857798687535,,,0.307445777193622,0.2662189714854228,23.666676101293426,10
EE02-data-225x225/EE02data_rot_57.5deg/arrow_segments.mat,141,Nadaraya-Watson,NW uniform line field,uniform,1.0,,,0.3456768886343281,0.29263122480364334,25.068351208390528,10
EE02-data-225x225/EE02data_rot_59.5deg/arrow_segments.mat,136,GP/KRR,GP/KRR RBF-von-Mises line field,multiplicative_rbf_vm,47.11498505883144,0.0,0.03,0.2127032186899883,0.14603834908124275,18.835540623448768,10
EE02-data-225x225/EE02data_rot_59.5deg/arrow_segments.mat,136,GP/KRR,GP/KRR RBF line field,rbf,47.11498505883144,,0.03,0.2127032186899883,0.14603834908124275,18.835540623448768,10
EE02-data-225x225/EE02data_rot_59.5deg/arrow_segments.mat,136,GP/KRR,GP/KRR uniform line field,uniform,10.090099168608685,,0.03,0.6421526212506622,0.21437430303446373,38.0788225461857,10
EE02-data-225x225/EE02data_rot_59.5deg/arrow_segments.mat,136,Nadaraya-Watson,NW RBF-von-Mises line field,multiplicative_rbf_vm,4.669427353638992,0.0,,0.22903068299095897,0.18676167519949632,19.656905147195467,10
EE02-data-225x225/EE02data_rot_59.5deg/arrow_segments.mat,136,Nadaraya-Watson,NW RBF line field,rbf,4.669427353638992,,,0.22903068299095897,0.18676167519949632,19.656905147195467,10
EE02-data-225x225/EE02data_rot_59.5deg/arrow_segments.mat,136,Nadaraya-Watson,NW uniform line field,uniform,1.0,,,0.25660134300064835,0.16382024584681154,21.752317754442608,10
EE03-data-225x225/EE03data_rot_-20.5deg/arrow_segments.mat,105,GP/KRR,GP/KRR RBF-von-Mises line field,multiplicative_rbf_vm,220.0,8.0,0.1,0.20386367858223092,0.20052257367918788,17.316733594747852,10
EE03-data-225x225/EE03data_rot_-20.5deg/arrow_segments.mat,105,GP/KRR,GP/KRR RBF line field,rbf,21.80355181091204,,0.56,0.24065910305299498,0.2824319556743282,18.323238145965096,10
EE03-data-225x225/EE03data_rot_-20.5deg/arrow_segments.mat,105,GP/KRR,GP/KRR uniform line field,uniform,21.80355181091204,,1.0,0.5807066285578443,0.20049421603431622,36.3274827863784,10
EE03-data-225x225/EE03data_rot_-20.5deg/arrow_segments.mat,105,Nadaraya-Watson,NW RBF-von-Mises line field,multiplicative_rbf_vm,10.090099168608685,32.0,,0.25229164052277275,0.2897638793570465,18.764975879387215,10
EE03-data-225x225/EE03data_rot_-20.5deg/arrow_segments.mat,105,Nadaraya-Watson,NW RBF line field,rbf,2.1608857798687535,,,0.29861380306641194,0.33078819440522317,21.40551373680048,10
EE03-data-225x225/EE03data_rot_-20.5deg/arrow_segments.mat,105,Nadaraya-Watson,NW uniform line field,uniform,21.80355181091204,,,0.312818993500377,0.3346090086017897,23.80603869733434,10
EE03-data-225x225/EE03data_rot_-23.5deg/arrow_segments.mat,103,GP/KRR,GP/KRR RBF-von-Mises line field,multiplicative_rbf_vm,21.80355181091204,0.5,0.32,0.1568988527152742,0.13247341167634238,13.937769187590817,10
EE03-data-225x225/EE03data_rot_-23.5deg/arrow_segments.mat,103,GP/KRR,GP/KRR RBF line field,rbf,10.090099168608685,,1.0,0.1646427005381837,0.14056908073221444,14.658024010599684,10
EE03-data-225x225/EE03data_rot_-23.5deg/arrow_segments.mat,103,GP/KRR,GP/KRR uniform line field,uniform,101.81010123235768,,1.0,0.5411633073870222,0.33206595053010163,35.68731616587946,10
EE03-data-225x225/EE03data_rot_-23.5deg/arrow_segments.mat,103,Nadaraya-Watson,NW RBF-von-Mises line field,multiplicative_rbf_vm,2.1608857798687535,8.0,,0.19473509387651947,0.14965542920580283,18.165225992840963,10
EE03-data-225x225/EE03data_rot_-23.5deg/arrow_segments.mat,103,Nadaraya-Watson,NW RBF line field,rbf,2.1608857798687535,,,0.2025821435115292,0.14803600285210844,18.891158858625083,10
EE03-data-225x225/EE03data_rot_-23.5deg/arrow_segments.mat,103,Nadaraya-Watson,NW uniform line field,uniform,1.0,,,0.22907457547364402,0.15585827974916283,20.876060240285955,10
