dataset,kernel,GP/KRR,Nadaraya-Watson,gp_minus_nw_rss
EE+0p2-data-225x225/EE_0.2data_rot_-22deg/arrow_segments.mat,multiplicative_rbf_vm,0.16507882158964432,0.2194739257234739,-0.054395104133829586
EE+0p2-data-225x225/EE_0.2data_rot_-22deg/arrow_segments.mat,rbf,0.20322350117987073,0.22788107095159651,-0.024657569771725785
EE+0p2-data-225x225/EE_0.2data_rot_-22deg/arrow_segments.mat,uniform,0.6090772008480436,0.2338562197345468,0.37522098111349683
EE+0p22-data-225x225/EE_0.22data_rot_35.5deg/arrow_segments.mat,multiplicative_rbf_vm,0.15220982027412686,0.2239623354918495,-0.07175251521772263
EE+0p22-data-225x225/EE_0.22data_rot_35.5deg/arrow_segments.mat,rbf,0.15243995373866595,0.22592036258183695,-0.073480408843171
EE+0p22-data-225x225/EE_0.22data_rot_35.5deg/arrow_segments.mat,uniform,0.468526768110394,0.2489859846280468,0.2195407834823472
EE+0p23-data-225x225/EE_0.23data_rot_0deg/arrow_segments.mat,multiplicative_rbf_vm,0.18933751157370068,0.2656456359219937,-0.07630812434829301
EE+0p23-data-225x225/EE_0.23data_rot_0deg/arrow_segments.mat,rbf,0.18933751157370068,0.29544309305095745,-0.10610558147725677
EE+0p23-data-225x225/EE_0.23data_rot_0deg/arrow_segments.mat,uniform,0.5255272854865071,0.3102029960460541,0.21532428944045295
EE+0p4-data-225x225/EE_0.4data_rot_-67deg/arrow_segments.mat,multiplicative_rbf_vm,0.09244146012105894,0.12312427644755482,-0.030682816326495874
EE+0p4-data-225x225/EE_0.4data_rot_-67deg/arrow_segments.mat,rbf,0.12420411119807309,0.12613207119114006,-0.0019279599930669689
EE+0p4-data-225x225/EE_0.4data_rot_-67deg/arrow_segments.mat,uniform,0.5870106617579455,0.14576049944505542,0.44125016231289005
EE+0p42-data-225x225/EE_0.42data_rot_-7.5deg/arrow_segments.mat,multiplicative_rbf_vm,0.11791601335120519,0.14135933014078964,-0.023443316789584445
EE+0p42-data-225x225/EE_0.42data_rot_-7.5deg/arrow_segments.mat,rbf,0.15345017483391127,0.17893999068965516,-0.02548981585574389
EE+0p42-data-225x225/EE_0.42data_rot_-7.5deg/arrow_segments.mat,uniform,0.4773815608971793,0.1996459214112794,0.2777356394858999
EE+0p43-data-225x225/EE_0.43data_rot_14.5deg/arrow_segments.mat,multiplicative_rbf_vm,0.22635138200528976,0.26783532652499614,-0.041483944519706384
EE+0p43-data-225x225/EE_0.43data_rot_14.5deg/arrow_segments.mat,rbf,0.3056714884523496,0.3464673486945262,-0.04079586024217663
EE+0p43-data-225x225/EE_0.43data_rot_14.5deg/arrow_segments.mat,uniform,0.649247524167927,0.3280754457147136,0.3211720784532134
EE+0p6-data-225x225/EE_0.6data_rot_39.5deg/arrow_segments.mat,multiplicative_rbf_vm,0.1068343967091336,0.12097392713921969,-0.014139530430086089
EE+0p6-data-225x225/EE_0.6data_rot_39.5deg/arrow_segments.mat,rbf,0.18176795219166425,0.1931843069578742,-0.011416354766209946
EE+0p6-data-225x225/EE_0.6data_rot_39.5deg/arrow_segments.mat,uniform,0.603743814723736,0.20878239310795918,0.39496142161577674
EE+0p62-data-225x225/EE_0.62data_rot_37.5deg/arrow_segments.mat,multiplicative_rbf_vm,0.12086699536810445,0.13921630534737836,-0.018349309979273906
EE+0p62-data-225x225/EE_0.62data_rot_37.5deg/arrow_segments.mat,rbf,0.15980621588513194,0.236708164384287,-0.07690194849915505
EE+0p62-data-225x225/EE_0.62data_rot_37.5deg/arrow_segments.mat,uniform,0.5361738661228992,0.28824956998789414,0.24792429613500505
EE+0p63-data-225x225/EE_0.63data_rot_-30.5deg/arrow_segments.mat,multiplicative_rbf_vm,0.14586276027645373,0.14303680428501434,0.002825955991439394
EE+0p63-data-225x225/EE_0.63data_rot_-30.5deg/arrow_segments.mat,rbf,0.18566270935277354,0.20428121509346436,-0.01861850574069082
EE+0p63-data-225x225/EE_0.63data_rot_-30.5deg/arrow_segments.mat,uniform,0.5230756122183149,0.19223415553022274,0.3308414566880922
EE+0p8-data-226x225/EE_0.8data_rot_0deg/arrow_segments.mat,multiplicative_rbf_vm,0.15954501120398962,0.20121095329842778,-0.04166594209443816
EE+0p8-data-226x225/EE_0.8data_rot_0deg/arrow_segments.mat,rbf,0.1897967267949863,0.22177608217704012,-0.03197935538205382
EE+0p8-data-226x225/EE_0.8data_rot_0deg/arrow_segments.mat,uniform,0.6057319215323738,0.22406724547652074,0.381664676055853
EE+0p82-data-226x225/EE_0.82data_rot_-24.5deg/arrow_segments.mat,multiplicative_rbf_vm,0.15772705389387093,0.19564812880990104,-0.03792107491603011
EE+0p82-data-226x225/EE_0.82data_rot_-24.5deg/arrow_segments.mat,rbf,0.159282254426493,0.2094887384670668,-0.05020648404057382
EE+0p82-data-226x225/EE_0.82data_rot_-24.5deg/arrow_segments.mat,uniform,0.500007971912803,0.22173882681992044,0.2782691450928826
EE+0p83-data-226x225/EE_0.83data_rot_43deg/arrow_segments.mat,multiplicative_rbf_vm,0.08977422141932631,0.10366939292642455,-0.013895171507098236
EE+0p83-data-226x225/EE_0.83data_rot_43deg/arrow_segments.mat,rbf,0.10058665113197132,0.11991477588948558,-0.01932812475751426
EE+0p83-data-226x225/EE_0.83data_rot_43deg/arrow_segments.mat,uniform,0.5029972268792247,0.13102380283207252,0.37197342404715217
EE+1-data-225x225/EE_1data_rot_0deg/arrow_segments.mat,multiplicative_rbf_vm,0.10144742420298909,0.14378152076498987,-0.04233409656200078
EE+1-data-225x225/EE_1data_rot_0deg/arrow_segments.mat,rbf,0.15045766153026224,0.19546537360660543,-0.04500771207634319
EE+1-data-225x225/EE_1data_rot_0deg/arrow_segments.mat,uniform,0.57578249401359,0.20130966102023223,0.3744728329933578
EE+12-data-225x225/EE_12data_rot_-41.5deg/arrow_segments.mat,multiplicative_rbf_vm,0.14362147874461897,0.15136804313001467,-0.007746564385395699
EE+12-data-225x225/EE_12data_rot_-41.5deg/arrow_segments.mat,rbf,0.18748170212723334,0.20524126626288583,-0.017759564135652495
EE+12-data-225x225/EE_12data_rot_-41.5deg/arrow_segments.mat,uniform,0.5169342519402791,0.2024047357007573,0.3145295162395218
EE+13-data-225x225/EE_13data_rot_34.5deg/arrow_segments.mat,multiplicative_rbf_vm,0.1170666357898144,0.14005168707734444,-0.022985051287530048
EE+13-data-225x225/EE_13data_rot_34.5deg/arrow_segments.mat,rbf,0.14042964360747034,0.16759807028442836,-0.027168426676958013
EE+13-data-225x225/EE_13data_rot_34.5deg/arrow_segments.mat,uniform,0.3909904006349076,0.1892283777916661,0.2017620228432415
EE-0p2-data-225x225/EE-0.2data_rot_62.5deg/arrow_segments.mat,multiplicative_rbf_vm,0.11824604213728382,0.12953936462808333,-0.011293322490799507
EE-0p2-data-225x225/EE-0.2data_rot_62.5deg/arrow_segments.mat,rbf,0.13519242052889976,0.13669207178875797,-0.001499651259858209
EE-0p2-data-225x225/EE-0.2data_rot_62.5deg/arrow_segments.mat,uniform,0.6571089853240661,0.1456185874885953,0.5114903978354708
EE-0p22-data-225x225/EE-0.22data_rot_0deg/arrow_segments.mat,multiplicative_rbf_vm,0.062241462231533796,0.06960503206555273,-0.007363569834018931
EE-0p22-data-225x225/EE-0.22data_rot_0deg/arrow_segments.mat,rbf,0.08250075871024368,0.09277376791334402,-0.010273009203100342
EE-0p22-data-225x225/EE-0.22data_rot_0deg/arrow_segments.mat,uniform,0.5032231573445896,0.10057723955137159,0.40264591779321796
EE-0p23-data-225x225/EE-0.23data_rot_90deg/arrow_segments.mat,multiplicative_rbf_vm,0.12052977671001823,0.1508910294852196,-0.030361252775201367
EE-0p23-data-225x225/EE-0.23data_rot_90deg/arrow_segments.mat,rbf,0.1326180372395824,0.1508910294852196,-0.018272992245637193
EE-0p23-data-225x225/EE-0.23data_rot_90deg/arrow_segments.mat,uniform,0.5983992497906305,0.1919860083771484,0.4064132414134821
EE-0p4-data-225x225/EE-0.4data_rot_31deg/arrow_segments.mat,multiplicative_rbf_vm,0.15238298169475434,0.2074052495262509,-0.05502226783149655
EE-0p4-data-225x225/EE-0.4data_rot_31deg/arrow_segments.mat,rbf,0.2202212855873856,0.3013837149620294,-0.08116242937464382
EE-0p4-data-225x225/EE-0.4data_rot_31deg/arrow_segments.mat,uniform,0.5679207448655712,0.30719478905533926,0.26072595581023195
EE-0p42-data-225x225/EE-0.42data_rot_-12deg/arrow_segments.mat,multiplicative_rbf_vm,0.1730004957287055,0.22486690122122002,-0.051866405492514533
EE-0p42-data-225x225/EE-0.42data_rot_-12deg/arrow_segments.mat,rbf,0.1755464836082033,0.2457798246321501,-0.0702333410239468
EE-0p42-data-225x225/EE-0.42data_rot_-12deg/arrow_segments.mat,uniform,0.5199134522863977,0.238853269559092,0.2810601827273057
EE-0p43-data-225x225/EE-0.43data_rot_56.5deg/arrow_segments.mat,multiplicative_rbf_vm,0.08802115608375845,0.15581878984410852,-0.06779763376035007
EE-0p43-data-225x225/EE-0.43data_rot_56.5deg/arrow_segments.mat,rbf,0.13650470136092044,0.19704774184254842,-0.06054304048162798
EE-0p43-data-225x225/EE-0.43data_rot_56.5deg/arrow_segments.mat,uniform,0.5502328642579879,0.2194040413413197,0.3308288229166682
EE-0p6-data-225x225/EE-0.6data_rot_-67deg/arrow_segments.mat,multiplicative_rbf_vm,0.2541706937385907,0.24961276082322786,0.004557932915362828
EE-0p6-data-225x225/EE-0.6data_rot_-67deg/arrow_segments.mat,rbf,0.2541706937385907,0.24961276082322786,0.004557932915362828
EE-0p6-data-225x225/EE-0.6data_rot_-67deg/arrow_segments.mat,uniform,0.32071561774751256,0.2704793026138896,0.05023631513362298
EE-0p62-data-225x225/EE-0.62data_rot_27deg/arrow_segments.mat,multiplicative_rbf_vm,0.20774771266518455,0.23835139073002512,-0.030603678064840573
EE-0p62-data-225x225/EE-0.62data_rot_27deg/arrow_segments.mat,rbf,0.23045293966515054,0.26511805812699596,-0.03466511846184542
EE-0p62-data-225x225/EE-0.62data_rot_27deg/arrow_segments.mat,uniform,0.6388375956697393,0.27670018486061687,0.36213741080912243
EE-0p63-data-225x225/EE-0.63data_rot_6deg/arrow_segments.mat,multiplicative_rbf_vm,0.22899508853559292,0.27533779135671665,-0.04634270282112374
EE-0p63-data-225x225/EE-0.63data_rot_6deg/arrow_segments.mat,rbf,0.3132872522192963,0.3658067424288876,-0.05251949020959129
EE-0p63-data-225x225/EE-0.63data_rot_6deg/arrow_segments.mat,uniform,0.44402469158697466,0.3875006044598885,0.056524087127086176
EE-0p8-data-226x225/EE-0.8data_rot_34deg/arrow_segments.mat,multiplicative_rbf_vm,0.09957110165304076,0.1109801064947388,-0.011409004841698045
EE-0p8-data-226x225/EE-0.8data_rot_34deg/arrow_segments.mat,rbf,0.20359687947149743,0.2116318208463293,-0.008034941374831878
EE-0p8-data-226x225/EE-0.8data_rot_34deg/arrow_segments.mat,uniform,0.4192744367065657,0.20816973477816342,0.2111047019284023
EE-0p82-data-225x225/EE-0.82data_rot_37deg/arrow_segments.mat,multiplicative_rbf_vm,0.12531282497576987,0.14775004911635903,-0.022437224140589157
EE-0p82-data-225x225/EE-0.82data_rot_37deg/arrow_segments.mat,rbf,0.15970540316922388,0.19538706391560706,-0.03568166074638318
EE-0p82-data-225x225/EE-0.82data_rot_37deg/arrow_segments.mat,uniform,0.5077319731767298,0.20567327504237154,0.30205869813435826
EE-0p83-data-226x225/EE-0.83data_rot_-41.5deg/arrow_segments.mat,multiplicative_rbf_vm,0.18304018527409538,0.20388895477970137,-0.02084876950560599
EE-0p83-data-226x225/EE-0.83data_rot_-41.5deg/arrow_segments.mat,rbf,0.23401206839173622,0.27717701319745386,-0.04316494480571764
EE-0p83-data-226x225/EE-0.83data_rot_-41.5deg/arrow_segments.mat,uniform,0.5593549051724171,0.26463946941091376,0.2947154357615034
EE-1-data-368x368/EE-1data_rot_58deg/arrow_segments.mat,multiplicative_rbf_vm,0.08441040814301745,0.09051411097133014,-0.006103702828312685
EE-1-data-368x368/EE-1data_rot_58deg/arrow_segments.mat,rbf,0.15035681448025112,0.16124851665467338,-0.010891702174422258
EE-1-data-368x368/EE-1data_rot_58deg/arrow_segments.mat,uniform,0.4447803005766343,0.19004100433858845,0.25473929623804586
EE-1-data-368x368/EE-1data_rot_60.5deg/arrow_segments.mat,multiplicative_rbf_vm,0.09690233562692754,0.1552956609082891,-0.05839332528136157
EE-1-data-368x368/EE-1data_rot_60.5deg/arrow_segments.mat,rbf,0.14919620752536913,0.21329575685355642,-0.06409954932818729
EE-1-data-368x368/EE-1data_rot_60.5deg/arrow_segments.mat,uniform,0.537689422359249,0.20442517238181393,0.3332642499774351
EE-12-data-368x368/EE-12data_rot_78.5deg/arrow_segments.mat,multiplicative_rbf_vm,0.15311236064517933,0.21497586471140862,-0.061863504066229286
EE-12-data-368x368/EE-12data_rot_78.5deg/arrow_segments.mat,rbf,0.1790988801342536,0.2401887590593343,-0.06108987892508069
EE-12-data-368x368/EE-12data_rot_78.5deg/arrow_segments.mat,uniform,0.47481850029751643,0.27264394145456894,0.2021745588429475
EE-12-data-368x368/EE-12data_rot_80deg/arrow_segments.mat,multiplicative_rbf_vm,0.1426743315037848,0.15188127840793586,-0.009206946904151053
EE-12-data-368x368/EE-12data_rot_80deg/arrow_segments.mat,rbf,0.2002919624999217,0.2498188327252937,-0.049526870225372
EE-12-data-368x368/EE-12data_rot_80deg/arrow_segments.mat,uniform,0.5937751897204189,0.2841609576320542,0.3096142320883647
EE-13-data-225x225/EE-13data_rot_59deg/arrow_segments.mat,multiplicative_rbf_vm,0.07995866410081624,0.098941806406594,-0.01898314230577776
EE-13-data-225x225/EE-13data_rot_59deg/arrow_segments.mat,rbf,0.09588020367890708,0.12611446737118176,-0.03023426369227468
EE-13-data-225x225/EE-13data_rot_59deg/arrow_segments.mat,uniform,0.5921068750028756,0.14692796623280707,0.44517890877006855
EE-13-data-225x225/EE-13data_rot_64.5deg/arrow_segments.mat,multiplicative_rbf_vm,0.09597366255300759,0.11268035282397522,-0.016706690270967633
EE-13-data-225x225/EE-13data_rot_64.5deg/arrow_segments.mat,rbf,0.14397430208199175,0.17381879752809007,-0.029844495446098324
EE-13-data-225x225/EE-13data_rot_64.5deg/arrow_segments.mat,uniform,0.5265093511832757,0.19116898141786093,0.33534036976541476
EE0-data-225x225/EE0data_rot_34.5deg/arrow_segments.mat,multiplicative_rbf_vm,0.09836842828401922,0.13616783845069777,-0.03779941016667855
EE0-data-225x225/EE0data_rot_34.5deg/arrow_segments.mat,rbf,0.09836842828401922,0.15077444555813085,-0.052406017274111635
EE0-data-225x225/EE0data_rot_34.5deg/arrow_segments.mat,uniform,0.561569944482029,0.15940352577256164,0.40216641870946734
EE0-data-225x225/EE0data_rot_37.5deg/arrow_segments.mat,multiplicative_rbf_vm,0.08299466880120814,0.09849789847856635,-0.015503229677358218
EE0-data-225x225/EE0data_rot_37.5deg/arrow_segments.mat,rbf,0.09920483622570811,0.12467365288320797,-0.025468816657499865
EE0-data-225x225/EE0data_rot_37.5deg/arrow_segments.mat,uniform,0.5216998099542312,0.12757126741599029,0.39412854253824087
EE02-data-225x225/EE02data_rot_57.5deg/arrow_segments.mat,multiplicative_rbf_vm,0.24054129580002734,0.29655942792318374,-0.0560181321231564
EE02-data-225x225/EE02data_rot_57.5deg/arrow_segments.mat,rbf,0.26761175567772316,0.307445777193622,-0.03983402151589882
EE02-data-225x225/EE02data_rot_57.5deg/arrow_segments.mat,uniform,0.46799768723264157,0.3456768886343281,0.12232079859831346
EE02-data-225x225/EE02data_rot_59.5deg/arrow_segments.mat,multiplicative_rbf_vm,0.2127032186899883,0.22903068299095897,-0.01632746430097068
EE02-data-225x225/EE02data_rot_59.5deg/arrow_segments.mat,rbf,0.2127032186899883,0.22903068299095897,-0.01632746430097068
EE02-data-225x225/EE02data_rot_59.5deg/arrow_segments.mat,uniform,0.6421526212506622,0.25660134300064835,0.38555127825001384
EE03-data-225x225/EE03data_rot_-20.5deg/arrow_segments.mat,multiplicative_rbf_vm,0.20386367858223092,0.25229164052277275,-0.04842796194054183
EE03-data-225x225/EE03data_rot_-20.5deg/arrow_segments.mat,rbf,0.24065910305299498,0.29861380306641194,-0.05795470001341696
EE03-data-225x225/EE03data_rot_-20.5deg/arrow_segments.mat,uniform,0.5807066285578443,0.312818993500377,0.26788763505746727
EE03-data-225x225/EE03data_rot_-23.5deg/arrow_segments.mat,multiplicative_rbf_vm,0.1568988527152742,0.19473509387651947,-0.03783624116124526
EE03-data-225x225/EE03data_rot_-23.5deg/arrow_segments.mat,rbf,0.1646427005381837,0.2025821435115292,-0.037939442973345505
EE03-data-225x225/EE03data_rot_-23.5deg/arrow_segments.mat,uniform,0.5411633073870222,0.22907457547364402,0.3120887319133782
