dataset,n,estimator,model,kernel,bandwidth,kappa,sigma_n,mean_test_rss,sd_test_rss,mean_test_mae_deg,n_folds,p_median,gamma_median
Front_EE-1_1_3000x_rings_coords.csv,168,GP/KRR,GP/KRR RBF-von-Mises pitch,multiplicative_pitch,29.234002072172323,32.0,0.56,0.2705317939651936,0.17513504752473266,21.854564047078874,20,,
Front_EE-1_1_3000x_rings_coords.csv,168,GP/KRR,GP/KRR RBF pitch,rbf_pitch,486.92473277135554,,0.06,0.5330270190812221,0.18357736410393452,34.92788982111439,20,,
Front_EE-1_1_3000x_rings_coords.csv,168,GP/KRR,GP/KRR uniform pitch,uniform_pitch,277.4259758521961,,1.0,0.5714985706874167,0.1845938454240486,35.80550113370218,20,,
Front_EE-1_1_3000x_rings_coords.csv,168,Nadaraya-Watson,NW RBF-von-Mises pitch,multiplicative_pitch,29.234002072172323,64.0,,0.3127421292175398,0.20387535400382056,23.95257874837041,20,,
Front_EE-1_1_3000x_rings_coords.csv,168,Nadaraya-Watson,NW RBF pitch,rbf_pitch,29.234002072172323,,,0.5760901086639953,0.1824147569936425,36.402988956064846,20,,
Front_EE-1_1_3000x_rings_coords.csv,168,Nadaraya-Watson,NW uniform pitch,uniform_pitch,51.31011471836219,,,0.568613016088605,0.18455403888569472,35.49298144959276,20,,
Front_EE-1_1_3000x_rings_coords.csv,168,Parametric,Parametric p=0 (Logarithmic),parametric,,,,0.5838628871803919,0.19633920851533926,35.65041594963932,20,0.0,-2.6929497682579697
Front_EE-1_1_3000x_rings_coords.csv,168,Parametric,Parametric p=1 (Archimedean),parametric,,,,0.6193575889773728,0.20564581284476627,37.893883448420056,20,1.0,1.540879534518703
Front_EE-1_1_3000x_rings_coords.csv,168,Parametric,Parametric p=2 (Fermat),parametric,,,,0.6542684196127995,0.16734651461968414,39.85045190762567,20,2.0,-1.5728405777732077
Front_EE-1_1_3000x_rings_coords.csv,168,Parametric,Parametric continuous p,parametric,,,,0.5760041509061807,0.1840319803182169,35.31970994829055,20,-0.999,-3.137985687715692
Front_EE-1_2_3000x_rings_coords.csv,129,GP/KRR,GP/KRR RBF-von-Mises pitch,multiplicative_pitch,51.31011471836219,16.0,0.56,0.2200172645277248,0.14976198808853902,18.704423048402674,20,,
Front_EE-1_2_3000x_rings_coords.csv,129,GP/KRR,GP/KRR RBF pitch,rbf_pitch,1500.0,,1.0,0.7383705445245585,0.23968775579867077,41.38221065562344,20,,
Front_EE-1_2_3000x_rings_coords.csv,129,GP/KRR,GP/KRR uniform pitch,uniform_pitch,486.92473277135554,,1.0,0.7341889377771128,0.2302456487398779,41.3410337204064,20,,
Front_EE-1_2_3000x_rings_coords.csv,129,Nadaraya-Watson,NW RBF-von-Mises pitch,multiplicative_pitch,29.234002072172323,64.0,,0.24263913175367038,0.16126913150198438,20.625643257060116,20,,
Front_EE-1_2_3000x_rings_coords.csv,129,Nadaraya-Watson,NW RBF pitch,rbf_pitch,1500.0,,,0.734247027979847,0.23038042265125389,41.34192296469322,20,,
Front_EE-1_2_3000x_rings_coords.csv,129,Nadaraya-Watson,NW uniform pitch,uniform_pitch,486.92473277135554,,,0.7341889377771081,0.2302456487398714,41.34103372040636,20,,
Front_EE-1_2_3000x_rings_coords.csv,129,Parametric,Parametric p=0 (Logarithmic),parametric,,,,0.7654297163829905,0.214917276986779,43.06922854598956,20,0.0,-2.5510392923033463
Front_EE-1_2_3000x_rings_coords.csv,129,Parametric,Parametric p=1 (Archimedean),parametric,,,,0.7129246084232008,0.19469155420428655,41.583350764620086,20,1.0,-1.5815120258139816
Front_EE-1_2_3000x_rings_coords.csv,129,Parametric,Parametric p=2 (Fermat),parametric,,,,0.8131736595372349,0.26434805234104647,45.00365541833315,20,2.0,-1.5708718030682214
Front_EE-1_2_3000x_rings_coords.csv,129,Parametric,Parametric continuous p,parametric,,,,0.7490162402678165,0.21512948525947448,42.973257458323516,20,0.9226795462712585,-1.5795183464993128
Front_EE-1_3_3000x_rings_coords.csv,178,GP/KRR,GP/KRR RBF-von-Mises pitch,multiplicative_pitch,51.31011471836219,4.0,0.1,0.5240133191414643,0.2923346349243797,32.72705902370579,20,,
Front_EE-1_3_3000x_rings_coords.csv,178,GP/KRR,GP/KRR RBF pitch,rbf_pitch,90.0570461037754,,1.0,0.6373335647455105,0.22030525965239658,37.62511133692411,20,,
Front_EE-1_3_3000x_rings_coords.csv,178,GP/KRR,GP/KRR uniform pitch,uniform_pitch,158.06379692297065,,0.32,0.6507987926747342,0.20099437758232466,38.14573121817095,20,,
Front_EE-1_3_3000x_rings_coords.csv,178,Nadaraya-Watson,NW RBF-von-Mises pitch,multiplicative_pitch,90.0570461037754,1.0,,0.503013189368242,0.21074643395736445,34.06717341949157,20,,
Front_EE-1_3_3000x_rings_coords.csv,178,Nadaraya-Watson,NW RBF pitch,rbf_pitch,51.31011471836219,,,0.6358478543569414,0.25204598667015665,37.7660105053897,20,,
Front_EE-1_3_3000x_rings_coords.csv,178,Nadaraya-Watson,NW uniform pitch,uniform_pitch,51.31011471836219,,,0.6365634320802711,0.22712387354400307,38.022717940350475,20,,
Front_EE-1_3_3000x_rings_coords.csv,178,Parametric,Parametric p=0 (Logarithmic),parametric,,,,0.7099082220039792,0.24568846341253167,41.32985967836068,20,0.0,-1.8348589628404905
Front_EE-1_3_3000x_rings_coords.csv,178,Parametric,Parametric p=1 (Archimedean),parametric,,,,0.7237287931019585,0.24774847130706237,41.830643274685904,20,1.0,-1.57153852939659
Front_EE-1_3_3000x_rings_coords.csv,178,Parametric,Parametric p=2 (Fermat),parametric,,,,0.7488433940154923,0.24285242071809396,42.51798251947676,20,2.0,-1.5707967381053578
Front_EE-1_3_3000x_rings_coords.csv,178,Parametric,Parametric continuous p,parametric,,,,0.6677277613449203,0.2686882324296705,40.21912724233468,20,-0.999,0.009989902191003737
Front_EE-1_4_3000x_rings_coords.csv,179,GP/KRR,GP/KRR RBF-von-Mises pitch,multiplicative_pitch,90.0570461037754,2.0,0.56,0.41219005035279954,0.19206569715227506,27.74847914782967,20,,
Front_EE-1_4_3000x_rings_coords.csv,179,GP/KRR,GP/KRR RBF pitch,rbf_pitch,158.06379692297065,,0.06,0.5868810044916233,0.24917326018082925,35.31428792907866,20,,
Front_EE-1_4_3000x_rings_coords.csv,179,GP/KRR,GP/KRR uniform pitch,uniform_pitch,158.06379692297065,,1.0,0.5913632501762257,0.2480959621994565,35.817429939438995,20,,
Front_EE-1_4_3000x_rings_coords.csv,179,Nadaraya-Watson,NW RBF-von-Mises pitch,multiplicative_pitch,51.31011471836219,16.0,,0.4070376658986479,0.19591697637420274,28.243038202907677,20,,
Front_EE-1_4_3000x_rings_coords.csv,179,Nadaraya-Watson,NW RBF pitch,rbf_pitch,29.234002072172323,,,0.5925438753124743,0.2597616876866305,35.59708336636005,20,,
Front_EE-1_4_3000x_rings_coords.csv,179,Nadaraya-Watson,NW uniform pitch,uniform_pitch,277.4259758521961,,,0.6042973977707432,0.20698930188836134,37.32352118817898,20,,
Front_EE-1_4_3000x_rings_coords.csv,179,Parametric,Parametric p=0 (Logarithmic),parametric,,,,0.6099059844491816,0.2086510834170374,37.49713663750764,20,0.0,0.3745979633075557
Front_EE-1_4_3000x_rings_coords.csv,179,Parametric,Parametric p=1 (Archimedean),parametric,,,,0.6460134786800122,0.21224493653702978,39.57543651233366,20,1.0,-0.02368667563128002
Front_EE-1_4_3000x_rings_coords.csv,179,Parametric,Parametric p=2 (Fermat),parametric,,,,0.6937188456017293,0.25782636919173324,40.83783978558934,20,2.0,-1.5889772682005012
Front_EE-1_4_3000x_rings_coords.csv,179,Parametric,Parametric continuous p,parametric,,,,0.5941054815767048,0.218485320209378,36.344001037507525,20,-0.999,-3.139771869897342
Front_EE-1_5_3000x_rings_coords.csv,180,GP/KRR,GP/KRR RBF-von-Mises pitch,multiplicative_pitch,90.0570461037754,1.0,1.0,0.2989576123918416,0.19773360329000036,22.879981098519046,20,,
Front_EE-1_5_3000x_rings_coords.csv,180,GP/KRR,GP/KRR RBF pitch,rbf_pitch,90.0570461037754,,1.0,0.399548581339804,0.19423672357145033,29.652618692856947,20,,
Front_EE-1_5_3000x_rings_coords.csv,180,GP/KRR,GP/KRR uniform pitch,uniform_pitch,90.0570461037754,,1.0,0.43094094041708353,0.17188127036035,30.78530117424507,20,,
Front_EE-1_5_3000x_rings_coords.csv,180,Nadaraya-Watson,NW RBF-von-Mises pitch,multiplicative_pitch,29.234002072172323,4.0,,0.3009462002342138,0.19295798022266042,23.13129772984057,20,,
Front_EE-1_5_3000x_rings_coords.csv,180,Nadaraya-Watson,NW RBF pitch,rbf_pitch,29.234002072172323,,,0.4061962647632488,0.19416318373407931,29.588510249624267,20,,
Front_EE-1_5_3000x_rings_coords.csv,180,Nadaraya-Watson,NW uniform pitch,uniform_pitch,51.31011471836219,,,0.4000898571905928,0.1950310897256623,29.33945434417159,20,,
Front_EE-1_5_3000x_rings_coords.csv,180,Parametric,Parametric p=0 (Logarithmic),parametric,,,,0.565770042818793,0.20843816690918857,35.552995429328604,20,0.0,-0.894668537119234
Front_EE-1_5_3000x_rings_coords.csv,180,Parametric,Parametric p=1 (Archimedean),parametric,,,,0.6248265062394264,0.21898990968418613,38.39409387235799,20,1.0,1.5671796138598935
Front_EE-1_5_3000x_rings_coords.csv,180,Parametric,Parametric p=2 (Fermat),parametric,,,,0.7817984822286632,0.26956371840754184,43.36189430757245,20,2.0,1.510982888273062
Front_EE-1_5_3000x_rings_coords.csv,180,Parametric,Parametric continuous p,parametric,,,,0.47784588110552795,0.21654100159978212,32.191964693719186,20,-0.999,-3.136969876074108
Front_EE1_1_3000x_rings_coords.csv,136,GP/KRR,GP/KRR RBF-von-Mises pitch,multiplicative_pitch,90.0570461037754,32.0,0.56,0.18608605443805676,0.09522625856553016,18.1951475462864,20,,
Front_EE1_1_3000x_rings_coords.csv,136,GP/KRR,GP/KRR RBF pitch,rbf_pitch,486.92473277135554,,0.06,0.628292626363731,0.22822897120175262,37.507659522400694,20,,
Front_EE1_1_3000x_rings_coords.csv,136,GP/KRR,GP/KRR uniform pitch,uniform_pitch,277.4259758521961,,1.0,0.6346881290254831,0.22883306373364845,37.77613075405554,20,,
Front_EE1_1_3000x_rings_coords.csv,136,Nadaraya-Watson,NW RBF-von-Mises pitch,multiplicative_pitch,29.234002072172323,64.0,,0.20599019617711806,0.12563450664556503,19.12404422103881,20,,
Front_EE1_1_3000x_rings_coords.csv,136,Nadaraya-Watson,NW RBF pitch,rbf_pitch,51.31011471836219,,,0.6281735720442975,0.22876225557867305,37.56056637006913,20,,
Front_EE1_1_3000x_rings_coords.csv,136,Nadaraya-Watson,NW uniform pitch,uniform_pitch,51.31011471836219,,,0.6277915079776408,0.21661367563416778,37.52226500075742,20,,
Front_EE1_1_3000x_rings_coords.csv,136,Parametric,Parametric p=0 (Logarithmic),parametric,,,,0.6422007919207801,0.23758261903911293,38.05168450222547,20,0.0,2.658290683842974
Front_EE1_1_3000x_rings_coords.csv,136,Parametric,Parametric p=1 (Archimedean),parametric,,,,0.685334655767891,0.2674355516915959,39.48882440134799,20,1.0,-1.535463450812869
Front_EE1_1_3000x_rings_coords.csv,136,Parametric,Parametric p=2 (Fermat),parametric,,,,0.7097009744291878,0.31153554487263274,41.49491410551912,20,2.0,1.5715758133820743
Front_EE1_1_3000x_rings_coords.csv,136,Parametric,Parametric continuous p,parametric,,,,0.6177936242007895,0.24705561053799904,37.42299767665691,20,-0.999,3.137724949333862
Front_EE1_2_3000x_rings_coords.csv,178,GP/KRR,GP/KRR RBF-von-Mises pitch,multiplicative_pitch,90.0570461037754,2.0,0.03,0.4610425481353392,0.2098558536616133,30.270257767961823,20,,
Front_EE1_2_3000x_rings_coords.csv,178,GP/KRR,GP/KRR RBF pitch,rbf_pitch,854.6268771557757,,0.03,0.6351556159353313,0.21490479845232277,38.7134382308798,20,,
Front_EE1_2_3000x_rings_coords.csv,178,GP/KRR,GP/KRR uniform pitch,uniform_pitch,158.06379692297065,,0.03,0.6474512702896376,0.26213422155898913,39.213761807215576,20,,
Front_EE1_2_3000x_rings_coords.csv,178,Nadaraya-Watson,NW RBF-von-Mises pitch,multiplicative_pitch,29.234002072172323,64.0,,0.5117758983581386,0.2595033371558162,32.36106721666029,20,,
Front_EE1_2_3000x_rings_coords.csv,178,Nadaraya-Watson,NW RBF pitch,rbf_pitch,51.31011471836219,,,0.6348376157446467,0.19812423112494798,38.75581423872826,20,,
Front_EE1_2_3000x_rings_coords.csv,178,Nadaraya-Watson,NW uniform pitch,uniform_pitch,51.31011471836219,,,0.6394699791671503,0.1938905977516301,38.83162319631229,20,,
Front_EE1_2_3000x_rings_coords.csv,178,Parametric,Parametric p=0 (Logarithmic),parametric,,,,0.6976785672029487,0.16437621920350526,41.09452938237196,20,0.0,2.1160805545886268
Front_EE1_2_3000x_rings_coords.csv,178,Parametric,Parametric p=1 (Archimedean),parametric,,,,0.7401155145796943,0.1984196872238382,42.467610756192805,20,1.0,1.5735880200911294
Front_EE1_2_3000x_rings_coords.csv,178,Parametric,Parametric p=2 (Fermat),parametric,,,,0.7784760462209668,0.21053579877242967,43.16064336602125,20,2.0,1.330586663583766e-05
Front_EE1_2_3000x_rings_coords.csv,178,Parametric,Parametric continuous p,parametric,,,,0.6572956335807497,0.15926251327400934,39.4726038193892,20,-0.999,-0.0061925636695751626
Front_EE1_3_3000x_rings_coords.csv,180,GP/KRR,GP/KRR RBF-von-Mises pitch,multiplicative_pitch,51.31011471836219,4.0,1.0,0.3454364648481659,0.21980009787084065,24.831142816414676,20,,
Front_EE1_3_3000x_rings_coords.csv,180,GP/KRR,GP/KRR RBF pitch,rbf_pitch,90.0570461037754,,1.0,0.3912900596992487,0.21130924557792533,28.149946507765698,20,,
Front_EE1_3_3000x_rings_coords.csv,180,GP/KRR,GP/KRR uniform pitch,uniform_pitch,158.06379692297065,,0.03,0.39303439606589696,0.19697292052586773,28.18578009685636,20,,
Front_EE1_3_3000x_rings_coords.csv,180,Nadaraya-Watson,NW RBF-von-Mises pitch,multiplicative_pitch,51.31011471836219,8.0,,0.3466378772114765,0.19202944265990896,25.929963681529888,20,,
Front_EE1_3_3000x_rings_coords.csv,180,Nadaraya-Watson,NW RBF pitch,rbf_pitch,29.234002072172323,,,0.3943308621247491,0.21026569365267492,28.290285872105624,20,,
Front_EE1_3_3000x_rings_coords.csv,180,Nadaraya-Watson,NW uniform pitch,uniform_pitch,51.31011471836219,,,0.3894390082789181,0.19646822802224087,28.234053076103557,20,,
Front_EE1_3_3000x_rings_coords.csv,180,Parametric,Parametric p=0 (Logarithmic),parametric,,,,0.6739006770721349,0.16458441542553728,38.75122610973437,20,0.0,2.420425669623709
Front_EE1_3_3000x_rings_coords.csv,180,Parametric,Parametric p=1 (Archimedean),parametric,,,,0.7320760745857802,0.19089693552588874,40.30657801872739,20,1.0,-1.5667749586923303
Front_EE1_3_3000x_rings_coords.csv,180,Parametric,Parametric p=2 (Fermat),parametric,,,,0.8534800741564323,0.23848908396930474,45.06837481049287,20,2.0,0.020789558279777687
Front_EE1_3_3000x_rings_coords.csv,180,Parametric,Parametric continuous p,parametric,,,,0.5012504719697786,0.1865537064731134,33.192641873305234,20,-0.999,-0.005053828083067805
Front_EE1_4_3000x_rings_coords.csv,163,GP/KRR,GP/KRR RBF-von-Mises pitch,multiplicative_pitch,29.234002072172323,32.0,1.0,0.23701048028507707,0.11311461846006135,21.6996145524513,20,,
Front_EE1_4_3000x_rings_coords.csv,163,GP/KRR,GP/KRR RBF pitch,rbf_pitch,158.06379692297065,,1.0,0.33696178439010455,0.1888092862678606,25.713052303295978,20,,
Front_EE1_4_3000x_rings_coords.csv,163,GP/KRR,GP/KRR uniform pitch,uniform_pitch,158.06379692297065,,0.03,0.359663708172225,0.20335672888409442,26.674652741825206,20,,
Front_EE1_4_3000x_rings_coords.csv,163,Nadaraya-Watson,NW RBF-von-Mises pitch,multiplicative_pitch,16.656109265137406,64.0,,0.24927425248343363,0.1143536951707184,22.198867131426645,20,,
Front_EE1_4_3000x_rings_coords.csv,163,Nadaraya-Watson,NW RBF pitch,rbf_pitch,51.31011471836219,,,0.33887788778317607,0.18515053731996825,26.009961996721614,20,,
Front_EE1_4_3000x_rings_coords.csv,163,Nadaraya-Watson,NW uniform pitch,uniform_pitch,51.31011471836219,,,0.3351374763483097,0.18887207706725181,25.681599265028762,20,,
Front_EE1_4_3000x_rings_coords.csv,163,Parametric,Parametric p=0 (Logarithmic),parametric,,,,0.5237554854785398,0.22566047392425154,34.46005753031089,20,0.0,-0.47408266222939915
Front_EE1_4_3000x_rings_coords.csv,163,Parametric,Parametric p=1 (Archimedean),parametric,,,,0.6415142612736866,0.20448058304708636,37.83763583219112,20,1.0,-1.451769756793326
Front_EE1_4_3000x_rings_coords.csv,163,Parametric,Parametric p=2 (Fermat),parametric,,,,0.6236092289057366,0.20056783127265232,37.320133108310756,20,2.0,-1.5928588191301167
Front_EE1_4_3000x_rings_coords.csv,163,Parametric,Parametric continuous p,parametric,,,,0.41318821411483747,0.21650665885760706,29.843865537661134,20,-0.999,3.1386536376789103
Front_EE1_5_3000x_rings_coords.csv,180,GP/KRR,GP/KRR RBF-von-Mises pitch,multiplicative_pitch,90.0570461037754,0.5,0.56,0.45134029300765455,0.2386421980664476,29.887331708183154,20,,
Front_EE1_5_3000x_rings_coords.csv,180,GP/KRR,GP/KRR RBF pitch,rbf_pitch,158.06379692297065,,1.0,0.5789543134124935,0.2054682705083662,35.56845633332638,20,,
Front_EE1_5_3000x_rings_coords.csv,180,GP/KRR,GP/KRR uniform pitch,uniform_pitch,90.0570461037754,,1.0,0.6124000489165116,0.19195752302211022,37.13695018626826,20,,
Front_EE1_5_3000x_rings_coords.csv,180,Nadaraya-Watson,NW RBF-von-Mises pitch,multiplicative_pitch,29.234002072172323,4.0,,0.4471244207958952,0.21935901915531208,29.5185826951634,20,,
Front_EE1_5_3000x_rings_coords.csv,180,Nadaraya-Watson,NW RBF pitch,rbf_pitch,51.31011471836219,,,0.5790086590348416,0.2031676450498382,35.7270716513041,20,,
Front_EE1_5_3000x_rings_coords.csv,180,Nadaraya-Watson,NW uniform pitch,uniform_pitch,51.31011471836219,,,0.5771465809584136,0.21271392639274628,35.50259082899787,20,,
Front_EE1_5_3000x_rings_coords.csv,180,Parametric,Parametric p=0 (Logarithmic),parametric,,,,0.6525286267927455,0.24903404486094874,38.44613382672344,20,0.0,0.8341714379786214
Front_EE1_5_3000x_rings_coords.csv,180,Parametric,Parametric p=1 (Archimedean),parametric,,,,0.6695814559076141,0.22725650288656923,38.78922821906514,20,1.0,1.5741055515496374
Front_EE1_5_3000x_rings_coords.csv,180,Parametric,Parametric p=2 (Fermat),parametric,,,,0.7758176433629786,0.21259737676479226,42.66797834293695,20,2.0,-1.5707814175464319
Front_EE1_5_3000x_rings_coords.csv,180,Parametric,Parametric continuous p,parametric,,,,0.5969915717248353,0.22468603903156345,36.27850423895944,20,-0.999,3.136828868772961
